STREET1,STREET2,1HASLANE,2HASLANE,BLFinal
Commonwealth Avenue,Babcock Street,1.0,0.0,0
Brighton Avenue,Cambridge Street,1.0,1.0,0
Dudley Street,Dudley Place,0.0,0.0,0
Swift Street,Saratoga Street,0.0,1.0,0
Harrison Avenue,Johnny Court,1.0,0.0,0
Lindall Street,Basile Street,0.0,0.0,0
Tremont Street,Temple Place,0.0,0.0,0
Massachusetts Avenue,Marlborough Street,1.0,0.0,0
Huntington Avenue,Garrison Street,1.0,0.0,0
Boylston Street,Dartmouth Street,1.0,1.0,0
Newbury Street,Fairfield Street,0.0,0.0,0
Commonwealth Avenue,Crowninshield Road,1.0,0.0,0
Ruggles Street,Parker Street,1.0,0.0,0
Commonwealth Avenue,Saint Paul Street,1.0,0.0,0
Newbury Street,Fairfield Street,0.0,0.0,0
Tremont Street,Whittier Street,0.0,0.0,0
Huntington Avenue,Fenwood Road,1.0,0.0,0
La Grange Street,Washington Street,0.0,1.0,0
Ruggles Street,Tremont Street,1.0,0.0,0
Stanwood Street,Blue Hill Avenue,0.0,1.0,0
Blue Hill Avenue,Paxton Street,1.0,0.0,0
Brighton Avenue,Harvard Avenue,1.0,1.0,0
Columbia Road,Intervale Street,1.0,0.0,0
Saint Alphonsus Street,Smith Street,0.0,0.0,0
Mountfort Street,Commonwealth Avenue,0.0,1.0,0
Parker Street,Tremont Street,0.0,0.0,0
North Harvard Street,Western Avenue,1.0,1.0,0
Washington Street,Crispus Attucks Place,1.0,0.0,0
Forest Hills Street,Woodside Avenue,0.0,0.0,0
Belvidere Street,Huntington Avenue,1.0,1.0,0
Dorchester Avenue,Doris Street,1.0,0.0,0
Commonwealth Avenue,Massachusetts Avenue,1.0,1.0,0
Prentiss Street,Tremont Street,0.0,0.0,0
Commonwealth Avenue Frontage Road Wb,Spofford Road,1.0,0.0,1
Commonwealth Avenue,Amory Street,1.0,0.0,0
Commonwealth Avenue,Massachusetts Avenue,1.0,1.0,0
Massachusetts Avenue,Saint Botolph Street,1.0,0.0,0
Harvard Avenue,Brighton Avenue,1.0,1.0,0
Everett Street,Clevemont Avenue,0.0,0.0,0
Commonwealth Avenue,Babcock Street,1.0,0.0,0
Albany Street,Thayer Street,1.0,0.0,0
Washington Street Place,Washington Street,0.0,1.0,0
Massachusetts Avenue,Newbury Street,1.0,0.0,0
Warren Street,Nevins Street,1.0,0.0,0
Walk Hill Street,Wenham Street,0.0,0.0,0
Kingston Street,Summer Street,0.0,0.0,0
Melnea Cass Boulevard,Massachusetts Avenue,0.0,1.0,0
Blue Hill Avenue,Johnston Road,1.0,0.0,0
Boylston Street,Clarendon Street,1.0,0.0,0
Commonwealth Avenue,Saint Marys Street,1.0,0.0,0
Hereford Street,Public Alley 414,1.0,0.0,0
Centre Street,Harris Avenue,1.0,0.0,0
Congress Street,Hawes Street,1.0,0.0,0
Massachusetts Avenue,Clearway Street,1.0,0.0,0
New Rutherford Avenue,City Square,0.0,1.0,0
Gordon Street,Cambridge Street,0.0,1.0,0
Belvidere Street,Huntington Avenue,1.0,1.0,0
Washington Street,Ukraine Way,1.0,0.0,0
Ruggles Street,Parker Street,1.0,0.0,0
Staniford Street,Longfellow Pl,0.0,0.0,0
Yawkey Way,Brookline Avenue,0.0,1.0,0
Commonwealth Avenue,Buick Street,1.0,0.0,0
Dudley Street,Langdon Street,0.0,0.0,0
Commonwealth Avenue,Massachusetts Avenue,1.0,1.0,0
Wayland Street,Hartford Street,0.0,0.0,0
Rossmore Street,Washington Street,0.0,1.0,0
Harvard Avenue,Cambridge Street,1.0,1.0,0
Charles Street South,Boylston Street,0.0,1.0,0
Linden Street,Brighton Avenue,0.0,1.0,0
Washington Street,Guild Street,1.0,0.0,0
Harvard Avenue,Brighton Avenue,1.0,1.0,0
Hanover Street,Wesley Place,0.0,0.0,0
Reservoir Road,Beacon Street,0.0,1.0,0
Dunkeld Street,Quincy Street,0.0,0.0,0
Magazine Street,Allerton Street,0.0,0.0,0
Gardena Street,Market Street,0.0,1.0,0
Brighton Avenue,Allston Street,1.0,0.0,0
Washington Street,West Springfield Street,1.0,0.0,0
Massachusetts Avenue,Allstate Road,1.0,0.0,0
Charlesgate East,Commonwealth Avenue,0.0,1.0,0
Tonawanda Street,Geneva Avenue,0.0,0.0,0
Washington Street,Shepard Street,1.0,0.0,0
Centre Street,Pierre Lallement Bike Path,1.0,0.0,0
Massachusetts Avenue,Allstate Road,1.0,0.0,0
Commonwealth Avenue,Lake Street,1.0,1.0,0
Melnea Cass Boulevard,Columbus Avenue,0.0,1.0,0
Western Avenue,Telford Street,1.0,0.0,0
North Harvard Street,Easton Street,1.0,0.0,0
Knoll Street,Centre Street,0.0,1.0,0
Neponset Avenue,Tilesboro Street,1.0,0.0,0
Alpha Road,Waldeck Street,0.0,0.0,0
Locust Street,Dorchester Avenue,0.0,1.0,0
Bowdoin Street,Hendry Street,0.0,0.0,0
Norfolk Street,Ferndale Street,0.0,0.0,0
Tebroc Street,Bowdoin Street,0.0,0.0,0
Massachusetts Avenue,Shawmut Avenue,1.0,0.0,0
Stuart Street,Washington Street,1.0,1.0,0
Boylston Street,Centre Street,1.0,1.0,0
Wheatland Avenue,Spencer Street,0.0,0.0,0
Massachusetts Avenue,Newbury Street,1.0,0.0,0
Charles Street South,Boylston Street,0.0,1.0,0
Annabel Street,Holden Street,0.0,0.0,0
Perkins Street,Parkman Drive,1.0,0.0,0
Commonwealth Avenue Frontage Road Wb,Harvard Avenue,1.0,1.0,0
Columbia Road,Dudley Street,1.0,0.0,0
Hemenway Street,Westland Avenue,1.0,0.0,0
Washington Street,Bray Street,1.0,0.0,0
Washington Street,East Concord Street,1.0,0.0,0
Walden Street,Arklow Street,0.0,0.0,0
State Street,John F. Fitzgerald Surface Road,0.0,1.0,0
Boylston Street,Clarendon Street,1.0,0.0,0
Stuart Street,Clarendon Street,1.0,0.0,0
Chestnut Hill Avenue,Union Street,1.0,0.0,0
East Berkeley Street,Harrison Avenue,0.0,1.0,0
Columbus Avenue,Dartmouth Street,1.0,1.0,0
Revere Street,Charles Street,0.0,0.0,0
Gainsborough Street,Huntington Avenue,0.0,1.0,0
Boston Street,West Bellflower Street,0.0,0.0,0
Charles Street,David G. Mugar Way,0.0,0.0,0
Edgerly Road,Norway Street,0.0,0.0,0
New Washington Street,South Street,0.0,1.0,0
Dorchester Avenue,Savin Hill Avenue,1.0,0.0,0
Bennington Street,Chelsea Street,1.0,1.0,0
Charles Street,Ditson Street,0.0,0.0,0
Devon Street,Blue Hill Avenue,0.0,1.0,0
Shirley Street,Clifton Street,0.0,0.0,0
Brighton Avenue,Saint Lukes Road,1.0,0.0,0
Harvard Avenue,Brighton Avenue,1.0,1.0,0
Main Street,SR 38,1.0,0.0,0
Commonwealth Avenue,Cummington Mall,1.0,0.0,0
South Huntington Avenue,Heath Street,1.0,0.0,0
George R. Visconti Road,Paris Street,0.0,0.0,0
Blossom Street,Cambridge Street,0.0,1.0,0
Beacon Street,Keswick Street,1.0,0.0,0
Commonwealth Avenue,Mountfort Street,1.0,0.0,1
Cambridge Street,Linden Street,1.0,0.0,0
Newbury Street,Dartmouth Street,0.0,1.0,0
Callender Street,Lauriat Street,0.0,0.0,0
West Broadway,D Street,0.0,1.0,0
Townsend Street,Warren Street,0.0,1.0,0
Brighton Avenue,Allston Street,1.0,0.0,0
Trinity Place,Saint James Avenue,0.0,0.0,0
Pilgrim Road,Short Street,0.0,0.0,0
Centre Street,Pond Street,1.0,0.0,0
Cambridge Street,Brighton Avenue,1.0,1.0,0
Blue Hill Avenue,River Street,1.0,1.0,0
Harrison Avenue,Massachusetts Avenue,1.0,1.0,0
Richfield Street,Columbia Terrace,0.0,0.0,0
Washington Street,Martin Luther King Boulevard,1.0,1.0,0
Boylston Street,Fairfield Street,1.0,0.0,0
Blue Hill Avenue,Georgia Street,1.0,0.0,0
Massachusetts Avenue,Washington Street,1.0,1.0,0
Dorchester Avenue,Congress Street,1.0,1.0,0
Hanover Street,Congress Street,0.0,1.0,0
Rutland Square,Public Alley 502,0.0,0.0,0
Massachusetts Avenue,Washington Street,1.0,1.0,0
Tremont Street,Massachusetts Avenue,0.0,1.0,0
Huntington Avenue,Fenwood Road,1.0,0.0,0
Irma Street,Arbutus Street,0.0,0.0,0
Harvard Street,Vesta Road,0.0,0.0,0
Washington Street,Worcester Street,1.0,0.0,0
Commonwealth Avenue,Amory Street,1.0,0.0,0
Morton Street,American Legion Highway,1.0,1.0,0
Harvard Avenue,Glenville Terrace,1.0,0.0,0
Harvard Street,Gleason Street,0.0,0.0,0
Centre Street,Pierre Lallement Bike Path,1.0,0.0,0
Huntington Avenue,Shepherd Avenue,1.0,0.0,0
South Bay Harbor Trail,Frontage Road,1.0,0.0,0
Massachusetts Avenue,Haviland Street,1.0,0.0,0
West Selden Street,Morton Street,0.0,1.0,0
Green Street,Washington Street,0.0,1.0,0
North Beacon Street,Arthur Street,0.0,0.0,0
Perkins Street,Pond View Avenue,1.0,0.0,0
Erie Street,Wolcott Street,0.0,0.0,0
Congress Street,North Street,1.0,0.0,0
East Broadway,K Street,0.0,0.0,0
Washington Street,Kneeland Street,1.0,0.0,0
Harrison Avenue,Eustis Street,1.0,0.0,0
Royal Street,Coolidge Road,0.0,0.0,0
Harrison Avenue,Kneeland Street,1.0,0.0,0
Sycamore Street,Hawthorne Street,0.0,0.0,0
Moreland Street,Montrose Street,0.0,0.0,0
Talbot Avenue,Whitfield Street,1.0,0.0,0
Southern Avenue,Millet Street,0.0,0.0,0
West Concord Street,Tremont Street,0.0,0.0,0
John F. Fitzgerald Expressway,Lincoln Street,0.0,0.0,0
Fisher Avenue,Estey Street,0.0,0.0,0
Cambridge Street,Sparhawk Street,1.0,0.0,0
Canterbury Street,Paine Street,0.0,0.0,0
Adams Street,Church Street,1.0,0.0,0
Marion Street,Eutaw Street,0.0,0.0,0
South Huntington Avenue,Heath Street,1.0,0.0,0
Hamlet Street,Columbia Road,0.0,1.0,0
Norwell Street,Rupert Street,0.0,0.0,0
Hudson Street,Harrison Avenue,0.0,1.0,0
Shirley Street,Clifton Street,0.0,0.0,0
Massachusetts Avenue,Columbus Avenue,1.0,1.0,0
Fairmount Avenue,Davison Street,0.0,0.0,0
North Harvard Street,Empire Street,1.0,0.0,0
Hyde Park Avenue,Glenwood Avenue,0.0,0.0,0
Kelton Street,Allston Street,0.0,0.0,0
Lorne Street,Wilbert Circle,0.0,0.0,0
Brook Avenue,West Cottage Street,0.0,0.0,0
Tremont Street,Northampton Street,0.0,0.0,0
Morton Street,Norfolk Street,1.0,0.0,0
Blue Hill Avenue,Rexford Street,1.0,0.0,0
Brooks Street,Bennington Street,0.0,1.0,0
Massachusetts Avenue,Boylston Street,1.0,1.0,0
Oakland Street,Thornton Street,0.0,1.0,0
Rutland Square,Columbus Avenue,0.0,1.0,1
Commonwealth Avenue,Crowninshield Road,1.0,0.0,0
Belvidere Street,Dalton Street,1.0,1.0,0
Westglow Street,Frost Avenue,0.0,0.0,0
Longwood Avenue,Brookline Avenue,0.0,1.0,0
Cornell Street,Washington Street,0.0,1.0,0
Cambridge Street,South Russell Street,1.0,0.0,0
Neponset Valley Parkway,Buckingham Street,0.0,0.0,0
Centre Street,Highland Avenue,1.0,0.0,0
Commonwealth Avenue,Cummington Mall,1.0,0.0,1
Northampton Street,Harrison Avenue,0.0,1.0,0
Harvard Avenue,Brainerd Road,1.0,0.0,0
Washington Street,Rossmore Street,1.0,0.0,0
Park Drive,Riverway,0.0,0.0,0
Dorchester Avenue,Hancock Street,1.0,0.0,0
Geneva Avenue,Vinson Street,0.0,0.0,0
Tremont Street,Saint Alphonsus Street,0.0,0.0,0
Boylston Street,Ipswich Street,1.0,0.0,0
Commonwealth Avenue,Buick Street,1.0,0.0,0
Evans Way,Fenway,0.0,0.0,0
Massachusetts Avenue,Public Alley 909,1.0,0.0,0
Dorchester Avenue,Fields Corner Station,1.0,0.0,0
Washington Street,Kneeland Street,1.0,0.0,0
Old Colony Avenue,Damrell Street,0.0,0.0,0
Blossom Street,Cambridge Street,0.0,1.0,0
Adams Street,Dorchester Avenue,1.0,1.0,0
Commonwealth Avenue,Carlton Street,1.0,0.0,1
Washington Street,Harvard Avenue,1.0,1.0,0
Columbus Avenue,West Springfield Street,1.0,0.0,1
Brighton Avenue,Linden Street,1.0,0.0,0
Boylston Street,Jersey Street,1.0,0.0,0
Clarkson Street,Trent Street,0.0,0.0,0
Dorchester Avenue,Columbia Road,1.0,1.0,0
Melnea Cass Boulevard,Massachusetts Avenue,0.0,1.0,0
Boylston Street,Charlesgate East,1.0,0.0,0
Columbus Avenue,West Canton Street,1.0,0.0,0
Huntington Avenue,Gainsborough Street,1.0,0.0,0
Commonwealth Avenue,Naples Road,1.0,0.0,0
Cunningham Street,Woodledge Street,0.0,0.0,0
Bowker Street,New Chardon Street,0.0,0.0,0
Call Street,Child Street,0.0,0.0,0
Mountfort Street,Commonwealth Avenue,0.0,1.0,0
Old Colony Avenue,Dorchester Street,0.0,0.0,0
Massachusetts Avenue,Marlborough Street,1.0,0.0,0
Commonwealth Avenue,SR 2,1.0,0.0,0
Leroy Street,Geneva Avenue,0.0,0.0,0
Albany Street,Northampton Street,1.0,0.0,0
Blackfan Street,Longwood Avenue,0.0,0.0,0
Cummins Highway,American Legion Highway,1.0,1.0,0
Centre Street,Boylston Street,1.0,1.0,0
Tremont Street,Stuart Street,0.0,1.0,0
Clarendon Street,Newbury Street,0.0,0.0,0
Park Drive,Buswell Street,0.0,0.0,0
Hemenway Street,Boylston Street,1.0,1.0,0
Glenway Street,Bradshaw Street,0.0,0.0,0
Bowdoin Street,Corona Street,0.0,0.0,0
Bowdoin Street,Geneva Avenue,0.0,0.0,0
Commonwealth Avenue,Alcorn Street,1.0,0.0,0
Centre Place,Centre Street,0.0,1.0,0
Dudley Street,Washington Street,0.0,1.0,0
Huntington Avenue,Garrison Street,1.0,0.0,0
Everett Street,Clevemont Avenue,0.0,0.0,0
Centre Street,Pershing Road,1.0,0.0,0
Dorchester Avenue,O'Connor Way,1.0,0.0,0
Washington Street,Breck Avenue,1.0,0.0,0
Warren Street,Dale Street,1.0,0.0,0
Washington Street,Hayward Place,1.0,0.0,0
Huntington Avenue,Forsyth Street,1.0,1.0,0
Harcourt Street,Huntington Avenue,0.0,1.0,0
Seaver Street,Elm Hill Avenue,0.0,0.0,0
East Concord Street,Washington Street,0.0,1.0,0
Kneeland Street,Hudson Street,0.0,0.0,0
Harvard Avenue,Commonwealth Avenue Frontage Road Wb,1.0,1.0,0
Dorchester Avenue,Linden Street,1.0,0.0,0
Harvard Avenue,Brighton Avenue,1.0,1.0,1
Massachusetts Avenue,Chesterton Street,1.0,0.0,0
Berkeley Street,Commonwealth Avenue,0.0,1.0,0
Atlantic Avenue,Summer Street,1.0,0.0,0
Amory Street,Bragdon Street,0.0,0.0,0
Adams Street,Elmdale Street,1.0,0.0,0
Tremont Street,Columbus Avenue,0.0,1.0,0
Belvidere Street,Huntington Avenue,1.0,1.0,0
Washington Street,Walton Street,1.0,0.0,0
Dorchester Avenue,Woodward Street,1.0,0.0,0
Clearway Street,Massachusetts Avenue,0.0,1.0,0
Tremont Street,Saint Alphonsus Street,0.0,0.0,0
Dorchester Avenue,Orchardfield Street,1.0,0.0,0
Bay State Road,Sherborn Street,0.0,0.0,0
Columbia Road,Bird Street,1.0,0.0,0
Ruggles Street,Parker Street,1.0,0.0,0
Columbia Road,Massachusetts Avenue,1.0,1.0,0
West Concord Street,Tremont Street,0.0,0.0,0
Blackfan Street,Longwood Avenue,0.0,0.0,0
Massachusetts Avenue,Huntington Avenue,1.0,1.0,0
Belvidere Street,Huntington Avenue,1.0,1.0,0
Dorchester Avenue,Boston Street,1.0,0.0,0
Massachusetts Avenue,Marlborough Street,1.0,0.0,0
Fenway,Boylston Street,0.0,1.0,0
Kelton Street,Scottfield Road,0.0,0.0,0
Washington Street,Hayward Place,1.0,0.0,0
Commonwealth Avenue,Grahm Street,1.0,0.0,0
Bromfield Street,Tremont Street,0.0,0.0,0
Davenport Street,Columbus Avenue,0.0,1.0,1
Lubec Street,Porter Street,0.0,0.0,0
Babbitt Street,Cummington Mall,0.0,0.0,0
Parker Street,Gore Street,0.0,0.0,0
South Huntington Avenue,Heath Street,1.0,0.0,0
South Bay Harbor Trail,Frontage Road,1.0,0.0,0
Prescott Street,Lexington Street,0.0,0.0,0
Dorchester Avenue,Gibson Street,1.0,0.0,0
Huntington Avenue,Gainsborough Street,1.0,0.0,0
Dorchester Street,Old Harbor Street,0.0,0.0,0
Commonwealth Avenue,Massachusetts Avenue,1.0,1.0,0
Commonwealth Avenue,South Street,1.0,1.0,0
Parker Street,Prentiss Street,0.0,0.0,0
Berkeley Street,Newbury Street,0.0,0.0,0
Tremont Street,Massachusetts Avenue,0.0,1.0,0
Dorchester Avenue,Hecla Street,1.0,0.0,0
Tremont Street,Saint Alphonsus Street,0.0,0.0,0
Washington Street,Bartlett Street,1.0,0.0,0
Louis Prang Street,Evans Way,0.0,0.0,0
Commonwealth Avenue,Saint Paul Street,1.0,0.0,0
Massachusetts Avenue,Columbus Avenue,1.0,1.0,0
Exeter Street,Boylston Street,1.0,1.0,0
Massachusetts Avenue,Haviland Street,1.0,0.0,0
Aberdeen Street,Beacon Street,0.0,1.0,0
Blue Hill Avenue,Wilcock Street,1.0,0.0,0
Magazine Street,Dudley Street,0.0,0.0,0
Main Street,Medford Street,1.0,0.0,0
Belvidere Street,Huntington Avenue,1.0,1.0,0
Humboldt Avenue,Martin Luther King Boulevard,0.0,1.0,0
Verona Street,Carolina Avenue,0.0,0.0,0
Winthrop Street,Hyde Park Avenue,0.0,0.0,0
Mcbride Street,Call Street,0.0,0.0,0
Revere Street,Garden Street,0.0,0.0,0
Humboldt Avenue,Crawford Street,0.0,0.0,0
Blue Hill Avenue,Quincy Street,1.0,0.0,0
Ruggles Street,Parker Street,1.0,0.0,0
Washington Street,Park Street,1.0,0.0,0
Massachusetts Turnpike,Brookline Avenue,0.0,1.0,0
Congress Street,Farnsworth Street,1.0,0.0,0
North Harvard Street,Western Avenue,1.0,1.0,0
North Anderson Street,Bridge Court,0.0,0.0,0
Tremont Street,Parker Street,0.0,0.0,0
Beacon Street,Dartmouth Street,1.0,1.0,0
West Dedham Street,Shawmut Avenue,1.0,0.0,0
Saint James Avenue,Clarendon Street,0.0,0.0,0
Dudley Street,Dunmore Street,0.0,0.0,0
Commonwealth Avenue,Massachusetts Avenue,1.0,1.0,0
Columbus Avenue,Massachusetts Avenue,1.0,1.0,0
Columbus Avenue,West Newton Street,1.0,0.0,0
Columbus Avenue,Cedar Street,1.0,0.0,0
Beacon Street,Massachusetts Avenue,1.0,1.0,0
Massachusetts Avenue,Columbus Avenue,1.0,1.0,0
Burney Street,Tremont Street,0.0,0.0,0
Washington Street,Parsons Street,1.0,0.0,0
Melville Avenue,Waldeck Street,0.0,0.0,0
South Street,Essex Street,1.0,1.0,0
Higgins Street,Brighton Avenue,0.0,1.0,0
Concord Square,Columbus Avenue,0.0,1.0,0
Gloucester Street,Commonwealth Avenue,0.0,1.0,0
Huntington Avenue,Louis Prang Street,1.0,0.0,0
Strathmore Road,Sutherland Road,0.0,0.0,0
Blossom Street,Cambridge Street,0.0,1.0,0
Post Office Square,Congress Street,1.0,1.0,0
Carolina Place,Carolina Avenue,0.0,0.0,0
Centre Street,Oakview Terrace,1.0,0.0,0
Beacon Street,Ayr Road,1.0,0.0,0
Massachusetts Avenue,Newbury Street,1.0,0.0,0
Harvard Street,Harrison Avenue,0.0,1.0,0
Stuart Street,Dartmouth Street,1.0,1.0,0
Lenox Street,Tremont Street,0.0,0.0,0
Gardena Street,Market Street,0.0,1.0,0
Gloucester Street,Newbury Street,0.0,0.0,0
Blue Hill Avenue,Devon Street,1.0,0.0,0
Faneuil Street,Parsons Street,1.0,0.0,0
Massachusetts Avenue,Saint Botolph Street,1.0,0.0,0
Parker Street,Oscar Street,0.0,0.0,0
Annabel Street,Columbia Road,0.0,1.0,0
Columbia Road,Normandy Street,1.0,0.0,0
Massachusetts Avenue,Huntington Avenue,1.0,1.0,0
Dorchester Avenue,Adams Street,1.0,1.0,0
Harvard Avenue,Glenville Avenue,1.0,0.0,0
Cambridge Street,Rugg Road,1.0,0.0,0
Beacon Street,Massachusetts Avenue,1.0,1.0,0
Cambridge Street,Irving Street,1.0,0.0,0
Brookline Avenue,Pilgrim Road,1.0,0.0,0
Centre Street,Walter Street,1.0,0.0,0
Middleton Street,Wildwood Street,0.0,0.0,0
Alpha Road,Waldeck Street,0.0,0.0,0
Centre Street,Sheridan Street,1.0,0.0,0
Cambridge Street,Brighton Street,1.0,0.0,0
Ruggles Street,Tremont Street,1.0,0.0,0
Beacon Street,Charles Street,1.0,0.0,0
South Huntington Avenue,Perkins Street,1.0,1.0,0
Columbus Avenue,Chandler Street,1.0,0.0,0
Blue Hill Avenue,Talbot Avenue,1.0,1.0,0
Massachusetts Avenue,Haviland Street,1.0,0.0,0
Warren Street,Elm Hill Park,1.0,0.0,0
Commonwealth Avenue,Massachusetts Avenue,1.0,1.0,0
Harvard Avenue,Commonwealth Avenue Frontage Road Eb,1.0,1.0,0
Beacon Street,Massachusetts Avenue,1.0,1.0,0
Brighton Avenue,Commonwealth Avenue Frontage Road Wb,1.0,1.0,0
Cambridge Street,Tremont Street,1.0,0.0,0
Centre Street,Perkins Street,1.0,1.0,0
Washington Street,Kneeland Street,1.0,0.0,0
Tremont Street,Cufflin Street,0.0,0.0,0
Warren Street,Palmer Street,1.0,0.0,0
Dorchester Avenue,Roach Street,1.0,0.0,0
Boylston Street,Lamartine Street,1.0,0.0,0
Columbus Avenue,Cedar Street,1.0,0.0,0
Chestnut Hill Avenue,Hatherly Road,1.0,0.0,0
Commonwealth Avenue,Amory Street,1.0,0.0,0
Centre Street,Barbara Street,1.0,0.0,0
Main Street,Albion Place,1.0,0.0,0
Rutherford Avenue,New Rutherford Avenue,0.0,0.0,0
Huntington Avenue,South Huntington Avenue,1.0,1.0,0
Washington Street,Brinsley Street,1.0,0.0,0
Boylston Street,Dartmouth Street,1.0,1.0,0
Harvard Avenue,Commonwealth Avenue Frontage Road Wb,1.0,1.0,1
Beacon Street,Ayr Road,1.0,0.0,0
Commonwealth Avenue,Cummington Mall,1.0,0.0,1
Tremont Street,La Grange Street,0.0,0.0,0
Transit Street,Dorchester Avenue,0.0,1.0,0
Harrison Avenue,East Concord Street,1.0,0.0,0
State Street,Kilby Street,0.0,1.0,0
Pilgrim Road,Short Street,0.0,0.0,0
Humphreys Street,Groom Street,0.0,0.0,0
Beacon Street,Tremont Street,1.0,0.0,0
Public Alley 905,Massachusetts Avenue,0.0,1.0,0
Washington Street,Turner Street,1.0,0.0,0
Maitland Street,Beacon Street,0.0,1.0,0
Allstate Road,Willow Court,0.0,0.0,0
Commonwealth Avenue,Pleasant Street,1.0,0.0,1
Boylston Street,Lamartine Street,1.0,0.0,0
Shawmut Street Extension,Shawmut Street,0.0,0.0,0
Longwood Avenue,Blackfan Street,0.0,0.0,0
Charles Street South,Boylston Street,0.0,1.0,0
Wyman Street,Centre Street,0.0,1.0,0
Massachusetts Avenue,Haviland Street,1.0,0.0,0
Tremont Street,Whittier Street,0.0,0.0,0
Redwood Street,Centre Street,0.0,1.0,0
Washington Street,East Brookline Street,1.0,0.0,0
Lamartine Street,Paul Gore Street,0.0,0.0,0
Parker Street,Gore Street,0.0,0.0,0
Glendale Street,Hancock Street,0.0,0.0,0
Magazine Street,Dudley Street,0.0,0.0,0
Commonwealth Avenue,Amory Street,1.0,0.0,0
Williams Street,Amory Street,0.0,0.0,0
Parker Street,Ward Street,0.0,0.0,0
Blue Hill Avenue,Jewish War Veterans Drive,1.0,1.0,0
Kneeland Street,Harrison Avenue,0.0,1.0,0
Harvard Avenue,Commonwealth Avenue Frontage Road Wb,1.0,1.0,0
Washington Street,Herald Street,1.0,0.0,0
West Roxbury Parkway,Belgrade Avenue,0.0,1.0,1
Burrage Street,Centre Street,0.0,1.0,0
Spencer Street,Wheatland Avenue,0.0,0.0,0
Newbury Street,Clarendon Street,0.0,0.0,0
Highland Street,Marcella Street,0.0,1.0,0
Dorchester Avenue,Hancock Street,1.0,0.0,0
Commonwealth Avenue,Buick Street,1.0,0.0,0
Allston Street,Long Avenue,0.0,0.0,0
Park Street,Marlowe Street,0.0,0.0,0
Beacon Street,Acacia Avenue,1.0,0.0,0
Washington Street,Bexley Road,1.0,0.0,0
Stanwood Street,Normandy Street,0.0,0.0,0
Birch Street,Belgrade Avenue,0.0,1.0,0
Centre Street,Dunster Road,1.0,0.0,0
Massachusetts Avenue,Newbury Street,1.0,0.0,0
Commonwealth Avenue,Winslow Road,1.0,0.0,0
Charles Street South,Boylston Street,0.0,1.0,0
Saratoga Street,Meridian Street,1.0,1.0,0
Hyde Park Avenue,Willow Avenue,0.0,0.0,0
Columbia Road,Ceylon Street,1.0,0.0,0
Clarendon Street,Commonwealth Avenue,0.0,1.0,0
Columbia Road,Geneva Avenue,1.0,0.0,0
Commonwealth Avenue Frontage Road Wb,Fordham Road,1.0,0.0,0
Beacon Street,Massachusetts Avenue,1.0,1.0,0
Dartmouth Street,Newbury Street,1.0,0.0,0
South Huntington Avenue,Colburn Street,1.0,0.0,0
Washington Street,Dighton Street,1.0,0.0,0
Gloucester Street,Newbury Street,0.0,0.0,0
Cambridge Street,Sparhawk Street,1.0,0.0,0
Commonwealth Avenue,Griggs Street,1.0,0.0,0
Huntington Avenue,South Huntington Avenue,1.0,1.0,0
Sumner Street,Annapolis Street,0.0,0.0,0
Boylston Street,Clive Street,1.0,0.0,0
Alford Street,Arlington Avenue,1.0,0.0,0
Balfour Street,Wayland Street,0.0,0.0,0
Massachusetts Avenue,Saint Botolph Street,1.0,0.0,0
Blue Hill Avenue,Paxton Street,1.0,0.0,0
Gallivan Boulevard,Magdala Street,0.0,0.0,0
Blossom Street,Cambridge Street,0.0,1.0,0
Massachusetts Avenue,Saint Germain Street,1.0,0.0,0
Washington Street,Rollins Street,1.0,0.0,0
Tremont Street,Stuart Street,0.0,1.0,0
Stuart Street,Trinity Place,1.0,0.0,0
Washington Street,Bexley Road,1.0,0.0,0
Commonwealth Avenue,Saint Paul Street,1.0,0.0,0
Columbus Avenue,Cedar Street,1.0,0.0,0
Cambridge Street,Lincoln Street,1.0,0.0,0
Beacon Street,Massachusetts Avenue,1.0,1.0,0
Fairmount Avenue,Nott Street,0.0,0.0,0
Hadassah Way,Boylston Street,0.0,1.0,0
Massachusetts Avenue,Clearway Street,1.0,0.0,0
Commonwealth Avenue,Scottfield Road,1.0,0.0,0
Huntington Avenue,Wait Street,1.0,0.0,0
Massachusetts Avenue,Napa Street,1.0,0.0,0
Huntington Avenue,Opera Place,1.0,0.0,0
Massachusetts Avenue,Saint Botolph Street,1.0,0.0,0
Melnea Cass Boulevard,Columbus Avenue,0.0,1.0,0
Beacon Street,Raleigh Street,1.0,0.0,1
Cedar Street,Anita Terrace,0.0,0.0,0
Washington Street,East Concord Street,1.0,0.0,0
South Street,Jamaica Street,1.0,0.0,0
Clarendon Street,Appleton Street,0.0,0.0,0
Stanwood Street,Normandy Street,0.0,0.0,0
Rockvale Circle,Washington Street,0.0,1.0,0
Western Avenue,Kelley Court,1.0,0.0,0
Prentiss Street,Tremont Street,0.0,0.0,0
Dorchester Avenue,Linden Street,1.0,0.0,0
Parker Street,Parker Hill Avenue,0.0,0.0,0
Commonwealth Avenue,Winslow Road,1.0,0.0,0
Columbia Road,Hamilton Street,1.0,0.0,0
Cambridge Street,Stark Street,1.0,0.0,0
Park Drive,Beacon Street,0.0,1.0,0
Bowdoin Street,Westville Street,0.0,0.0,0
North Washington Street,Valenti Way,1.0,0.0,0
Washington Street,Rutland Street,1.0,0.0,0
Wachusett Street,Rodman Street,0.0,0.0,0
Hall Street,South Street,0.0,1.0,0
Shawmut Avenue,Malcolm X Boulevard,0.0,0.0,0
South Munroe Terrace,Neponset Avenue,0.0,1.0,0
Sumner Street,Callahan Tunnel,0.0,0.0,0
Annabel Street,Holden Street,0.0,0.0,0
Calumet Street,Hillside Street,0.0,0.0,0
Savin Hill Avenue,Dorchester Avenue,0.0,1.0,0
Thornton Street,Oakland Street,1.0,0.0,0
Warren Street,Palmer Street,1.0,0.0,0
Blue Hill Avenue,Dewey Street,1.0,0.0,0
Strathmore Road,Orkney Road,0.0,0.0,0
Dickinson Road,Washington Street,0.0,1.0,0
Beacon Street,Charles Street,1.0,0.0,0
Lomasney Way,Red Auerbach Way,1.0,0.0,0
Dorchester Avenue,Edison Green,1.0,0.0,0
Prentiss Street,Albert Street,0.0,0.0,0
Beacon Street,Massachusetts Avenue,1.0,1.0,0
East Cottage Street,Columbia Road,0.0,1.0,0
Temple Street,Ivory Street,0.0,0.0,0
Washington Street,Nassau Street,1.0,0.0,0
Tremont Street,Tip Top Street,0.0,0.0,0
Warren Street,Commonwealth Avenue,1.0,1.0,0
Longwood Avenue,Blackfan Street,0.0,0.0,0
Quincy Street,Clarkson Street,0.0,0.0,0
Post Office Square,Congress Street,1.0,1.0,0
New Rutherford Avenue,West School Street,0.0,0.0,0
Southampton Street,Moore Street,0.0,0.0,0
Market Street,Sparhawk Street,1.0,0.0,0
Alpha Road,Park Street,0.0,0.0,0
Seaver Street,Old Trail Road,0.0,1.0,0
Dorchester Avenue,Gibson Street,1.0,0.0,0
Longwood Avenue,Brookline Avenue,0.0,1.0,0
Commonwealth Avenue Frontage Road Wb,Reedsdale Street,1.0,0.0,0
Welles Avenue,Wainwright Street,0.0,0.0,0
Beacon Street,Raleigh Street,1.0,0.0,1
River Street,Sturbridge Street,1.0,0.0,0
Dorchester Avenue,Gibson Street,1.0,0.0,0
Commonwealth Avenue,Hereford Street,1.0,1.0,0
Old Colony Avenue,C Street,0.0,0.0,0
Columbia Road,Elder Street,1.0,0.0,0
Beacon Street,Massachusetts Avenue,1.0,1.0,0
Hyde Park Avenue,American Legion Highway,0.0,1.0,0
South Huntington Avenue,Colburn Street,1.0,0.0,0
Howard Avenue,Woodward Park Street,0.0,0.0,0
O'Callaghan Way,Sterling Square,0.0,0.0,0
Park Street,Bourneside Street,0.0,0.0,0
Everett Street,Clevemont Avenue,0.0,0.0,0
Kelton Street,Allston Street,0.0,0.0,0
Longwood Avenue,Avenue Louis Pasteur,0.0,0.0,0
Neponset Avenue,Agawam Street,1.0,0.0,0
Pierce Street,Fairmount Avenue,0.0,0.0,0
Commonwealth Avenue,Babcock Street,1.0,0.0,0
Hampden Street,Eustis Street,0.0,0.0,0
Washington Street,Wheatland Avenue,1.0,0.0,0
Cambridge Street,Linden Street,1.0,0.0,0
Freeport Street,Freeport Way,1.0,0.0,0
Centre Street,Pond Street,1.0,0.0,0
Harrison Avenue,Massachusetts Avenue,1.0,1.0,0
Mcbride Street,Pierre Lallement Bike Path,0.0,0.0,0
Newbury Street,Clarendon Street,0.0,0.0,0
Belvidere Street,Huntington Avenue,1.0,1.0,0
Havre Street,Marion Street,0.0,0.0,0
Columbus Avenue,Massachusetts Avenue,1.0,1.0,0
Brighton Avenue,Park Vale Avenue,1.0,0.0,0
Massachusetts Avenue,Boylston Street,1.0,1.0,0
Centre Street,Ginita Street,1.0,0.0,0
Atlantic Avenue,Pearl Street,1.0,1.0,0
Huntington Avenue,Longwood Avenue,1.0,0.0,0
Prince Street,Thacher Street,0.0,0.0,0
Murray Hill Road,Washington Street,0.0,1.0,0
Centre Street,Mozart Street,1.0,0.0,0
Centre Street,Pierre Lallement Bike Path,1.0,0.0,0
Brighton Avenue,Park Vale Avenue,1.0,0.0,0
New Chardon Street,Cambridge Street,0.0,1.0,0
Hyde Park Avenue,West Street,0.0,0.0,0
Brooks Street,Bigelow Street,0.0,1.0,0
Centre Street,Chestnut Avenue,1.0,0.0,0
Norwell Street,Washington Street,0.0,1.0,0
Exeter Street,Boylston Street,1.0,1.0,0
Massachusetts Avenue,Boylston Street,1.0,1.0,0
Massachusetts Avenue,Newbury Street,1.0,0.0,0
Dorchester Avenue,Melville Avenue,1.0,0.0,0
Atlantic Avenue,Seaport Boulevard,1.0,1.0,0
Columbus Avenue,Cedar Street,1.0,0.0,0
Harvard Avenue,Commonwealth Avenue Frontage Road Wb,1.0,1.0,1
Huntington Avenue,Evans Way,1.0,0.0,0
Tremont Street,Sewall Street,0.0,0.0,0
Melnea Cass Boulevard,Massachusetts Avenue,0.0,1.0,0
Columbia Road,Geneva Avenue,1.0,0.0,0
Bremen Street,Brooks Street,0.0,0.0,0
Neponset Valley Parkway,Truman Parkway,0.0,0.0,0
B Street,Crowley Rogers Way,0.0,0.0,0
Cambridge Street,Seattle Street,1.0,0.0,0
Hemenway Street,Norway Street,1.0,0.0,0
Commonwealth Avenue Frontage Road Eb,Kelton Street,1.0,0.0,0
Meridian Street,Porter Street,1.0,0.0,0
Cambridge Street,Harvard Avenue,1.0,1.0,1
Kilby Street,Water Street,1.0,1.0,0
Blue Hill Avenue,Donald Road,1.0,0.0,0
Kimball Street,Freeport Street,0.0,1.0,0
Longwood Avenue,Binney Street,0.0,0.0,0
Commonwealth Avenue,Massachusetts Avenue,1.0,1.0,0
Raldne Road,Kovey Road,0.0,0.0,0
Washington Street,South Street,1.0,1.0,0
Holton Street,Litchfield Street,0.0,0.0,0
Chestnut Hill Avenue,Englewood Avenue,1.0,0.0,0
Keswick Street,Beacon Street,0.0,1.0,0
Blue Hill Avenue,Julian Street,1.0,0.0,0
Washington Street,Cobden Street,1.0,0.0,0
Hyde Park Avenue,River Street,0.0,1.0,0
Dorchester Avenue,Melvinside Terrace,1.0,0.0,0
John F. Fitzgerald Surface Road,Essex Street,1.0,1.0,0
Reverend R. A. Burke Street,Dorchester Street,0.0,0.0,0
Williams Street,Amory Street,0.0,0.0,0
Harvard Avenue,Brighton Avenue,1.0,1.0,0
Harvard Street,Lorne Street,0.0,0.0,0
Huntington Avenue,Forsyth Street,1.0,1.0,0
East Ninth Street,Patterson Way,0.0,0.0,0
South Street,Washington Street,1.0,1.0,1
Dartmouth Street,Newbury Street,1.0,0.0,0
Dorchester Avenue,O'Connor Way,1.0,0.0,0
Puritan Avenue,Richfield Street,0.0,0.0,0
Columbus Avenue,Heath Street,1.0,0.0,0
Washington Street,Montebello Road,1.0,0.0,0
Centre Street,Ginita Street,1.0,0.0,0
Massachusetts Avenue,Clearway Street,1.0,0.0,0
Massachusetts Avenue,Newmarket Square,1.0,0.0,0
Centre Street,Maple Street,1.0,0.0,0
Dorchester Avenue,Gibson Street,1.0,0.0,0
Dakota Street,Iowa Street,0.0,0.0,0
Washington Street,Lyndhurst Street,1.0,0.0,0
Medford Street,Chappie Street,0.0,0.0,0
Commonwealth Avenue,Saint Marys Street,1.0,0.0,1
Washington Street,New Washington Street,1.0,0.0,0
Morton Street,Catenaccia Way,1.0,0.0,0
Marlborough Street,Massachusetts Avenue,0.0,1.0,0
West Broadway,F Street,0.0,0.0,0
New Minton Street,Lamartine Street,0.0,0.0,0
Boylston Street,Park Drive,1.0,0.0,0
Bromfield Street,Province Street,0.0,0.0,0
Chestnut Hill Avenue,Englewood Avenue,1.0,0.0,0
Grampian Way,Savin Hill Avenue,0.0,0.0,0
Page Street,Glenway Street,0.0,0.0,0
Linden Street,Cambridge Street,0.0,1.0,0
Washington Street,Ukraine Way,1.0,0.0,0
Harvard Avenue,Cambridge Street,1.0,1.0,0
Congress Street,Atlantic Avenue,1.0,1.0,0
Common Street,Winthrop Street,0.0,0.0,0
Newbury Street,Arlington Street,0.0,1.0,0
Norton Street,Bowdoin Street,0.0,0.0,0
Massachusetts Avenue,Tremont Street,1.0,0.0,0
Park Drive,Beacon Street,0.0,1.0,0
Massachusetts Avenue,Napa Street,1.0,0.0,0
North Harvard Street,Eatonia Street,1.0,0.0,0
Warren Street,Waverly Street,1.0,0.0,0
Jersey Street,Boylston Street,0.0,1.0,0
Firth Road,Washington Street,0.0,1.0,0
Commonwealth Avenue,Harry Agganis Way,1.0,0.0,0
Dearborn Street,Zeigler Street,0.0,0.0,0
Commonwealth Avenue,SR 2,1.0,0.0,0
Congress Street,Milk Street,1.0,1.0,0
Cambridge Street,Lincoln Street,1.0,0.0,0
Hyde Park Avenue,American Legion Highway,0.0,1.0,0
Commonwealth Avenue,SR 2,1.0,0.0,1
Massachusetts Avenue,Saint Botolph Street,1.0,0.0,0
Boylston Street,Centre Street,1.0,1.0,0
Massachusetts Avenue,Columbus Avenue,1.0,1.0,0
Strathmore Road,Sutherland Road,0.0,0.0,0
Cambridge Street,North Grove Street,1.0,0.0,0
Pond Street,Myrtle Street,0.0,0.0,0
Beacon Street,Commonwealth Avenue,1.0,1.0,1
Tremont Street,Massachusetts Avenue,0.0,1.0,0
Commonwealth Avenue,Cummington Mall,1.0,0.0,0
Massachusetts Avenue,Boylston Street,1.0,1.0,0
Parkside Drive,Avon Street,0.0,0.0,0
Columbus Avenue,Cedar Street,1.0,0.0,0
Causeway Street,Lancaster Street,0.0,0.0,0
Gordon Street,Cambridge Street,0.0,1.0,0
Everett Street,Holton Street,0.0,0.0,0
Massachusetts Avenue,Huntington Avenue,1.0,1.0,0
Washington Street,Perry Street,1.0,0.0,0
Patterson Way,East Eighth Street,0.0,0.0,0
Central Avenue,River Street,0.0,1.0,0
Columbus Avenue,West Newton Street,1.0,0.0,0
Columbus Avenue,Massachusetts Avenue,1.0,1.0,0
Condor Street,Boston HarborWalk,0.0,0.0,0
Beacon Street,Chestnut Hill Avenue,1.0,1.0,0
Massachusetts Avenue,Huntington Avenue,1.0,1.0,0
Barrows Street,Cambridge Street,0.0,1.0,0
Berkeley Street,Commonwealth Avenue,0.0,1.0,0
East Berkeley Street,Village Court,0.0,0.0,0
Massachusetts Avenue,Albany Street,1.0,1.0,0
Blue Hill Avenue,Winthrop Street,1.0,0.0,0
Pilgrim Road,Short Street,0.0,0.0,0
South Huntington Avenue,Craftson Way,1.0,0.0,0
Massachusetts Avenue,Saint Botolph Street,1.0,0.0,0
Western Avenue,Everett Street,1.0,0.0,0
Federal Street,Milk Street,0.0,1.0,0
South Walter Street,Robert Street,0.0,0.0,0
Commonwealth Avenue,Granby Street,1.0,0.0,0
Market Street,Gardena Street,1.0,0.0,0
Westminster Street,Greenwich Street,0.0,0.0,0
Ashburton Place,Bowdoin Street,0.0,0.0,0
Beacon Street,Massachusetts Avenue,1.0,1.0,0
Talbot Avenue,Whitfield Street,1.0,0.0,0
Massachusetts Avenue,Shawmut Avenue,1.0,0.0,0
Centre Street,Barbara Street,1.0,0.0,0
Harvard Avenue,Commonwealth Avenue Frontage Road Wb,1.0,1.0,0
Washington Street,Rutland Street,1.0,0.0,0
Columbus Avenue,West Newton Street,1.0,0.0,0
Lawn Street,Hayden Street,0.0,0.0,0
Park Drive,Mountfort Street,0.0,0.0,0
George R. Visconti Road,Paris Street,0.0,0.0,0
Blue Hill Avenue,Clifford Street,1.0,0.0,0
North Harvard Street,Morgan Way,1.0,0.0,1
Armandine Street,Washington Street,0.0,1.0,0
Massachusetts Avenue,Public Alley 908,1.0,0.0,0
Commonwealth Avenue,Crowninshield Road,1.0,0.0,1
North Washington Street,Commercial Street,1.0,1.0,0
Washington Street,Rollins Street,1.0,0.0,0
Commonwealth Avenue,Pleasant Street,1.0,0.0,0
Massachusetts Avenue,Huntington Avenue,1.0,1.0,0
Forbes Street,Centre Street,0.0,1.0,0
Saybrook Street,Market Street,0.0,1.0,0
Commonwealth Avenue,Massachusetts Avenue,1.0,1.0,0
Commonwealth Avenue,Pleasant Street,1.0,0.0,0
Washington Street,Bexley Road,1.0,0.0,1
David G. Mugar Way,Beacon Street,0.0,1.0,0
Day Square,Bremen Street,0.0,0.0,0
Longwood Avenue,Riverway,0.0,0.0,0
East Sixth Street,P Street,0.0,0.0,0
Commonwealth Avenue,Exeter Street,1.0,1.0,0
Parker Street,Oscar Street,0.0,0.0,0
Magazine Street,Dudley Street,0.0,0.0,0
Chapman Place,School Street,0.0,0.0,0
Bragdon Street,Columbus Avenue,0.0,1.0,0
Federal Street,High Street,0.0,1.0,0
Cambridge Street,Joy Street,1.0,0.0,0
Albany Street,Massachusetts Avenue,1.0,1.0,0
Commonwealth Avenue,Buick Street,1.0,0.0,0
Boylston Street,Clarendon Street,1.0,0.0,0
Commonwealth Avenue,Massachusetts Turnpike,1.0,0.0,1
Beacon Street,Massachusetts Avenue,1.0,1.0,0
Commonwealth Avenue,Pleasant Street,1.0,0.0,1
Beacon Street,Commonwealth Avenue,1.0,1.0,1
Commonwealth Avenue,Naples Road,1.0,0.0,0
Cambridge Street,Hano Street,1.0,0.0,0
South Street,Saint Rose Street,1.0,0.0,0
Boylston Street,Clarendon Street,1.0,0.0,0
Cambridge Street,Spice Street,1.0,0.0,0
Medford Street,Polk Street,0.0,0.0,0
Huntington Avenue,Forsyth Way,1.0,1.0,0
Massachusetts Avenue,Washington Street,1.0,1.0,0
Smith Street,Saint Alphonsus Street,0.0,0.0,0
North Harvard Street,Empire Street,1.0,0.0,0
Ruggles Street,Tremont Street,1.0,0.0,0
Commonwealth Avenue,Saint Paul Street,1.0,0.0,1
Staniford Street,Cambridge Street,0.0,1.0,0
Columbia Road,Intervale Street,1.0,0.0,0
Boylston Street,Berkeley Street,1.0,0.0,0
Prentiss Street,Tremont Street,0.0,0.0,0
Huntington Avenue,Forsyth Street,1.0,1.0,0
Centre Street,Westerly Street,1.0,0.0,0
Arlington Street,Saint James Avenue,1.0,0.0,0
Dorchester Avenue,Brookvale Street,1.0,0.0,0
Dorchester Avenue,Kimball Street,1.0,0.0,0
Dudley Street,Clifton Street,0.0,0.0,0
Brookline Avenue,Riverway,1.0,0.0,0
Harvard Avenue,Brighton Avenue,1.0,1.0,0
Canterbury Street,Hyde Park Avenue,0.0,0.0,0
Commonwealth Avenue,Buick Street,1.0,0.0,1
Linden Street,Dorchester Avenue,0.0,1.0,0
Commonwealth Avenue Frontage Road Wb,Saint Lukes Road,1.0,0.0,0
South Street,South Walter Street,1.0,0.0,0
South Huntington Avenue,Craftson Way,1.0,0.0,0
Tremont Street,Whittier Street,0.0,0.0,0
Commonwealth Avenue,Saint Marys Street,1.0,0.0,0
Harvard Avenue,Glenville Avenue,1.0,0.0,0
Beacon Street,Massachusetts Avenue,1.0,1.0,0
Huntington Avenue,Blagden Street,1.0,0.0,0
Longwood Avenue,Pilgrim Road,0.0,0.0,0
Centre Street,Kingsboro Park,1.0,0.0,0
Windom Street,Cambridge Street,0.0,1.0,0
Lyndhurst Street,Washington Street,0.0,1.0,0
Massachusetts Avenue,Huntington Avenue,1.0,1.0,0
Boylston Street,Fairfield Street,1.0,0.0,0
Border Street,White Street,0.0,0.0,0
Saint Alphonsus Street,Ward Street,0.0,0.0,0
Boylston Street,Yawkey Way,1.0,0.0,0
Western Avenue,Kelley Court,1.0,0.0,0
Staniford Street,Merrimac Street,0.0,0.0,0
Frontenac Street,Blue Hill Avenue,0.0,1.0,0
Cambridge Street,Carter Street,1.0,0.0,0
Commercial Street,Hanover Street,1.0,0.0,0
Commonwealth Avenue,Saint Marys Street,1.0,0.0,1
Commonwealth Avenue,Gloucester Street,1.0,0.0,1
Harvard Avenue,Commonwealth Avenue Frontage Road Wb,1.0,1.0,0
Centre Street,South Huntington Avenue,1.0,1.0,1
Commonwealth Avenue,Dartmouth Street,1.0,1.0,0
Huntington Avenue,Blagden Street,1.0,0.0,0
Warren Street,Whiting Street,1.0,0.0,0
Ruggles Street,Leon Street,1.0,0.0,0
Exeter Street,Massachusetts Turnpike,1.0,0.0,0
Congress Street,State Street,1.0,0.0,0
Cambridge Street,Sparhawk Street,1.0,0.0,0
South Street,Jamaica Street,1.0,0.0,1
Brighton Avenue,Allston Street,1.0,0.0,0
Carmel Street,Tremont Street,0.0,0.0,0
Dorchester Avenue,Linden Street,1.0,0.0,0
Geneva Avenue,Everton Street,0.0,0.0,0
Commonwealth Avenue,Amory Street,1.0,0.0,0
Hampden Street,Kemble Street,0.0,0.0,0
Commonwealth Avenue,Dartmouth Street,1.0,1.0,0
Washington Street,Boylston Street,1.0,1.0,0
Church Street,Percival Street,0.0,0.0,0
Commonwealth Avenue,Charlesgate East,1.0,0.0,0
Beacon Street,Chestnut Hill Avenue,1.0,1.0,1
Centre Street,Columbus Avenue,1.0,1.0,0
Blue Hill Avenue,Geneva Avenue,1.0,0.0,0
Washington Street,Worcester Street,1.0,0.0,0
Commonwealth Avenue,Harry Agganis Way,1.0,0.0,0
Melnea Cass Boulevard,Massachusetts Avenue,0.0,1.0,0
Parker Street,Ward Street,0.0,0.0,0
Beacon Street,Gloucester Street,1.0,0.0,0
Massachusetts Avenue,Commonwealth Avenue,1.0,1.0,0
Washington Street,Kneeland Street,1.0,0.0,0
Spurr Street,Western Avenue,0.0,1.0,0
Harrison Avenue,Dudley Street,1.0,0.0,0
A Street,Necco Court,1.0,0.0,0
Brookline Avenue,Overland Street,1.0,0.0,0
Babcock Street,Commonwealth Avenue,0.0,1.0,0
Dartmouth Street,Newbury Street,1.0,0.0,0
D Street,West Fourth Street,1.0,0.0,0
South Street,Centre Street,1.0,1.0,0
Blackfan Street,Longwood Avenue,0.0,0.0,0
Cunard Street,Columbus Avenue,0.0,1.0,0
Commonwealth Avenue Frontage Road Wb,Fordham Road,1.0,0.0,0
Market Street,Henshaw Street,1.0,0.0,0
Rosedale Street,Washington Street,0.0,1.0,0
Commonwealth Avenue,Charlesgate East,1.0,0.0,0
Centre Street,Westerly Street,1.0,0.0,0
A Street,Congress Street,1.0,1.0,0
Linden Street,Pratt Street,0.0,0.0,0
Columbus Avenue,Cedar Street,1.0,0.0,0
Back Street,Massachusetts Avenue,0.0,1.0,0
Central Street,Mckinley Square,0.0,0.0,0
Washington Street,Bexley Road,1.0,0.0,0
Harrison Avenue,Waltham Street,1.0,0.0,0
Harvard Avenue,Harvard Street,1.0,0.0,0
Northampton Street,Harrison Avenue,0.0,1.0,1
Chelsea Street,Fifth Street,1.0,0.0,0
Massachusetts Avenue,Saint Botolph Street,1.0,0.0,0
Commonwealth Avenue Frontage Road Eb,Harvard Avenue,1.0,1.0,0
Centre Street,Columbus Avenue,1.0,1.0,0
Bowdoin Street,Cambridge Street,0.0,1.0,0
Huntington Avenue,Wait Street,1.0,0.0,0
Harvard Avenue,Glenville Avenue,1.0,0.0,1
Western Avenue,Telford Street,1.0,0.0,0
Tremont Street,Parker Street,0.0,0.0,0
Florence Street,Firth Road,0.0,0.0,0
Harmony Street,Horace Street,0.0,0.0,0
Albany Street,Melnea Cass Boulevard,1.0,0.0,0
Condor Street,Boston HarborWalk,0.0,0.0,0
Greenwich Street,Marlin Way,0.0,0.0,0
Clifford Street,Warren Street,0.0,1.0,0
Cambridge Street,Joy Street,1.0,0.0,0
Summer Street,High Street,0.0,1.0,0
Ceylon Street,Quincy Street,0.0,0.0,0
Maple Street,Seaver Street,0.0,0.0,0
Dudley Street,Clifton Street,0.0,0.0,0
Humboldt Avenue,Walnut Avenue,0.0,1.0,0
Purchase Street,Congress Street,1.0,1.0,0
Bellvista Road,Corey Road,0.0,0.0,0
Dennis Street,Stafford Street,0.0,0.0,0
Park Drive,Peterborough Street,0.0,0.0,0
Columbus Avenue,West Newton Street,1.0,0.0,0
Dorchester Avenue,Bay Street,1.0,0.0,0
Tremont Street,Stuart Street,0.0,1.0,0
Yawkey Way,Brookline Avenue,0.0,1.0,0
Belvidere Street,Huntington Avenue,1.0,1.0,0
Bexley Road,Washington Street,0.0,1.0,0
Commonwealth Avenue,Naples Road,1.0,0.0,0
Columbia Road,Boston HarborWalk,1.0,0.0,0
Dudley Street,Dearborn Street,0.0,0.0,0
Clipper Ship Lane,Sumner Street,0.0,0.0,0
Massachusetts Avenue,Commonwealth Avenue,1.0,1.0,0
Hampden Street,Melnea Cass Boulevard,0.0,0.0,0
Boylston Street,Tremont Street,1.0,0.0,0
Rusfield Street,Massachusetts Avenue,0.0,1.0,0
Gore Street,Parker Street,0.0,0.0,0
Tremont Street,Herald Street,0.0,0.0,0
Chestnut Hill Avenue,Hatherly Road,1.0,0.0,0
Columbus Avenue,Heath Street,1.0,0.0,0
Massachusetts Avenue,Harrison Avenue,1.0,1.0,0
Mascoma Street,Quincy Street,0.0,0.0,0
Harvard Street,City Square,0.0,1.0,0
Boylston Street,Berkeley Street,1.0,0.0,0
Blossom Street,Cambridge Street,0.0,1.0,0
Chauncey Street,Avenue De Lafayette,0.0,0.0,0
Chestnut Avenue,Spring Park Avenue,0.0,0.0,0
Commonwealth Avenue,Lake Street,1.0,1.0,0
D Street,West Ninth Street,1.0,0.0,0
Buick Street,Commonwealth Avenue,0.0,1.0,0
Centre Street,Pond Street,1.0,0.0,1
Warren Street,Dale Street,1.0,0.0,0
Centre Street,Walter Street,1.0,0.0,0
Stoughton Street,Salcombe Street,0.0,0.0,0
Harvard Avenue,Farrington Avenue,1.0,0.0,0
Washington Street,Bexley Road,1.0,0.0,0
Harvard Avenue,Brighton Avenue,1.0,1.0,0
Edgerly Road,Burbank Street,0.0,0.0,0
Boylston Street,Lamartine Street,1.0,0.0,0
North Beacon Street,Everett Street,0.0,0.0,0
Centre Street,South Street,1.0,1.0,0
Washington Street,Tremont Street,1.0,0.0,0
Columbus Avenue,Wellington Street,1.0,0.0,0
Dudley Street,Washington Street,0.0,1.0,0
Centre Street,Goodrich Road,1.0,0.0,0
Blue Hill Avenue,Adrian Street,1.0,0.0,0
Blue Hill Avenue,Intervale Street,1.0,0.0,0
Woodbole Avenue,Woodruff Way,0.0,0.0,0
River Street,Hyde Park Avenue,1.0,0.0,0
Washington Street,Milk Street,1.0,1.0,0
Sumner Street,East Cottage Street,0.0,0.0,0
Shawmut Avenue,DeWitt Drive,0.0,0.0,0
William T. Morrissey Boulevard,McKone Street,0.0,0.0,0
Columbus Avenue,Massachusetts Avenue,1.0,1.0,0
Minton Street,Merriam Street,0.0,0.0,0
Beacon Street,Hereford Street,1.0,1.0,0
Humboldt Avenue,Seaver Street,0.0,0.0,0
Wyman Street,Centre Street,0.0,1.0,0
Adams Street,Gibson Street,1.0,0.0,0
Longwood Avenue,Avenue Louis Pasteur,0.0,0.0,0
Beacon Street,Berkeley Street,1.0,0.0,0
Silver Street,F Street,0.0,0.0,0
Jess Street,Porter Street,0.0,0.0,0
South Huntington Avenue,Colburn Street,1.0,0.0,0
Massachusetts Avenue,Public Alley 715,1.0,0.0,0
Washington Street,Water Street,1.0,1.0,0
Boylston Street,Boylston Place,1.0,0.0,0
Massachusetts Avenue,Allstate Road,1.0,0.0,0
North Beacon Street,Arthur Street,0.0,0.0,0
Shawmut Avenue,West Brookline Street,0.0,0.0,0
Mountain Avenue,Woodrow Avenue,0.0,0.0,0
Mattapan Street,Fottler Road,0.0,0.0,0
Massachusetts Avenue,Westland Avenue,1.0,0.0,0
Blue Hill Avenue,Woodcliff Street,1.0,0.0,0
Blue Hill Avenue,Creston Street,1.0,0.0,0
Centre Street,Greenview Avenue,1.0,0.0,0
Bellevue Street,Danville Street,0.0,0.0,0
Huntington Avenue,Massachusetts Avenue,1.0,1.0,0
Train Street,Victory Road,0.0,0.0,0
Winship Street,Peaceable Street,1.0,0.0,0
Massachusetts Avenue,Commonwealth Avenue,1.0,1.0,0
Boylston Street,Adelaide Street,1.0,0.0,0
Washburn Street,Boston Street,0.0,0.0,0
Federal Street,Franklin Street,0.0,1.0,0
Bremen Street,Brooks Street,0.0,0.0,0
Westland Avenue,Edgerly Road,0.0,0.0,0
Dorchester Avenue,Linden Street,1.0,0.0,0
Commonwealth Avenue,Saint Paul Street,1.0,0.0,1
Buick Street,Commonwealth Avenue,0.0,1.0,1
Huntington Avenue,Gainsborough Street,1.0,0.0,0
Washington Street,Montebello Road,1.0,0.0,0
Crawford Street,Harold Street,0.0,0.0,0
Blue Hill Avenue,Georgia Street,1.0,0.0,0
Clarendon Street,Commonwealth Avenue,0.0,1.0,0
Massachusetts Avenue,Pierre Lallement Bike Path,1.0,0.0,1
Tremont Street,Benton Street,0.0,0.0,0
Roxbury Street,King Street,0.0,0.0,0
Warren Street,Waverly Street,1.0,0.0,0
Rutland Street,Shawmut Avenue,0.0,0.0,0
Harris Avenue,Centre Street,0.0,1.0,0
Parsons Street,Converse Street,0.0,0.0,0
Franklin Hill Avenue,Fermoy Heights Avenue,0.0,0.0,0
Columbus Avenue,Heath Street,1.0,0.0,0
Atlantic Avenue,State Street,1.0,0.0,0
Poplar Street,Whitford Street,0.0,0.0,0
Harvard Avenue,Farrington Avenue,1.0,0.0,0
Commonwealth Avenue Frontage Road Eb,Harvard Avenue,1.0,1.0,0
Seattle Street,Goddard Street,0.0,0.0,0
Blue Hill Avenue,Georgia Street,1.0,0.0,0
Brighton Avenue,Park Vale Avenue,1.0,0.0,0
Columbus Avenue,Cedar Street,1.0,0.0,0
Ruggles Street,Leon Street,1.0,0.0,0
Atkinson Street,Bradston Street,0.0,0.0,0
Saint Casimir Way,Crowley Rogers Way,0.0,0.0,0
Baker Street,Brook Farm Road,1.0,0.0,0
Cambridge Street,Hano Street,1.0,0.0,0
Massachusetts Avenue,Pierre Lallement Bike Path,1.0,0.0,1
Commonwealth Avenue Frontage Road Eb,Royce Road,1.0,0.0,0
East Cottage Street,Robey Street,0.0,0.0,0
Massachusetts Avenue,Commonwealth Avenue,1.0,1.0,0
Melnea Cass Boulevard,Massachusetts Avenue,0.0,1.0,0
Commonwealth Avenue,Hinsdale Mall,1.0,0.0,0
Harvard Street,Vesta Road,0.0,0.0,0
Cambridge Street,North Harvard Street,1.0,1.0,0
Commonwealth Avenue,Pleasant Street,1.0,0.0,0
Dudley Street,Mount Pleasant Avenue,0.0,0.0,0
Columbus Avenue,Cunard Street,1.0,0.0,1
Saint Botolph Street,West Newton Street,0.0,0.0,0
Wenham Street,Walk Hill Street,0.0,0.0,0
Massachusetts Avenue,Peirson Street,1.0,0.0,0
Washington Street,Essex Street,1.0,1.0,0
Ellery Street,Southampton Street,0.0,0.0,0
Atlantic Avenue,Richmond Street,1.0,0.0,0
Saybrook Street,Market Street,0.0,1.0,0
Washington Street,Boylston Street,1.0,1.0,0
Talbot Avenue,Aspinwall Road,1.0,0.0,0
Kimball Street,Freeport Street,0.0,1.0,0
Geneva Avenue,Levant Street,0.0,0.0,0
Summer Street,Dorchester Avenue,0.0,1.0,0
Washington Street,Parsons Street,1.0,0.0,0
Edgerly Road,Burbank Street,0.0,0.0,0
Geneva Avenue,Holiday Street,0.0,0.0,0
Broad Street,Milk Street,1.0,1.0,0
Boylston Street,Ipswich Street,1.0,0.0,0
Kingston Street,Summer Street,0.0,0.0,0
Columbia Road,Quincy Street,1.0,0.0,0
Washington Street,Burnett Street,1.0,0.0,0
Blue Hill Avenue,Johnston Road,1.0,0.0,0
Dorchester Avenue,Mount Vernon Street,1.0,1.0,0
L Street,Marine Road,0.0,0.0,0
Dakota Street,Iowa Street,0.0,0.0,0
West Springfield Street,Shawmut Avenue,0.0,0.0,0
Blue Hill Avenue,Abbot Street,1.0,0.0,0
Freeport Street,Victory Road,1.0,0.0,0
North Beacon Street,Glencoe Street,0.0,0.0,0
Savin Street,Tupelo Street,0.0,0.0,0
Saratoga Street,Shawsheen Road,1.0,0.0,0
Corey Street,Veterans Of Foreign Wars Parkway,0.0,1.0,0
Massachusetts Avenue,Marlborough Street,1.0,0.0,0
Hazelwood Street,Silva Place,0.0,0.0,0
Edgerly Road,Burbank Street,0.0,0.0,1
Washington Street,Kneeland Street,1.0,0.0,0
Centre Street,Pond Street,1.0,0.0,1
Creighton Street,Sunnyside Street,0.0,0.0,0
Morton Street,Fuller Street,1.0,0.0,0
Fowler Street,Glenway Street,0.0,0.0,0
Massachusetts Avenue,Napa Street,1.0,0.0,0
Harrison Avenue,East Lenox Street,1.0,0.0,0
Washington Street,Bexley Road,1.0,0.0,0
Magnolia Street,Emrose Terrace,0.0,0.0,0
Cambridge Street,Lincoln Street,1.0,0.0,0
Hyde Park Avenue,Ramsdell Avenue,0.0,0.0,0
Shawmut Avenue,Massachusetts Avenue,0.0,1.0,1
Commonwealth Avenue,Massachusetts Turnpike,1.0,0.0,1
Western Avenue,Travis Street,1.0,0.0,1
Spring Street,Billings Street,0.0,0.0,0
Commonwealth Avenue,Granby Street,1.0,0.0,1
Highgate Street,Cambridge Street,0.0,1.0,0
Dorchester Avenue,Welles Avenue,1.0,0.0,0
Hemenway Street,Hemenway Terrace,1.0,0.0,0
Cambridge Street,Lincoln Street,1.0,0.0,0
Dennis Street,Moreland Street,0.0,0.0,0
Beacon Street,Charles Street,1.0,0.0,0
West Cottage Street,Woodville Street,0.0,0.0,0
Terrace Street,New Cedar Street,0.0,0.0,0
Harvard Avenue,Cambridge Street,1.0,1.0,0
Public Alley 905,Massachusetts Avenue,0.0,1.0,0
Commonwealth Avenue Frontage Road Eb,Harvard Avenue,1.0,1.0,0
Commonwealth Avenue,Brighton Avenue,1.0,1.0,0
Massachusetts Avenue,Chesterton Street,1.0,0.0,0
Washington Street,Torrey Street,1.0,0.0,0
Cummins Highway,Hyde Park Avenue,1.0,0.0,0
South Huntington Avenue,Colburn Street,1.0,0.0,0
Normandy Street,Intervale Street,0.0,0.0,0
Brighton Avenue,Craftsman Street,1.0,0.0,0
Washington Street,Snow Street,1.0,0.0,0
Annunciation Road,Ruggles Street,0.0,1.0,0
Allston Street,Greylock Road,0.0,0.0,0
Summer Street,D Street,0.0,1.0,0
Norfolk Avenue,Magazine Street,0.0,0.0,0
Purchase Street,Oliver Street,1.0,1.0,0
Commonwealth Avenue,Babcock Street,1.0,0.0,0
Huntington Avenue,Calumet Street,1.0,0.0,0
Belgrade Avenue,Pinehurst Street,1.0,0.0,0
Huntington Avenue,Calumet Street,1.0,0.0,0
Deering Road,Westmore Road,0.0,0.0,0
Dorchester Avenue,Charles Street,1.0,0.0,0
Portland Street,Valenti Way,0.0,0.0,0
Saint Alphonsus Street,Calumet Street,0.0,0.0,0
La Grange Street,Washington Street,0.0,1.0,0
Warren Street,Zeigler Street,1.0,0.0,0
Commonwealth Avenue,Babcock Street,1.0,0.0,0
Summit Avenue,Corey Road,0.0,0.0,0
West Newton Street,Belvidere Street,0.0,1.0,0
Summer Street,D Street,0.0,1.0,0
Kneeland Street,South Street,0.0,1.0,0
Commonwealth Avenue,Brighton Avenue,1.0,1.0,1
Massachusetts Avenue,Pierre Lallement Bike Path,1.0,0.0,0
Commonwealth Avenue,Buick Street,1.0,0.0,1
Theodore Glynn Way,Southampton Street,0.0,0.0,0
Wrentham Street,Florida Street,0.0,0.0,0
Washington Street,Dimock Street,1.0,0.0,0
Centre Street,Robinwood Avenue,1.0,0.0,1
Washington Street,Milk Street,1.0,1.0,0
North Harvard Street,Western Avenue,1.0,1.0,0
Huntington Avenue,Belvidere Street,1.0,1.0,0
Beacon Street,River Street,1.0,1.0,0
Brookline Avenue,Newbury Street,1.0,0.0,0
Saint Marys Street,Commonwealth Avenue,0.0,1.0,0
Albany Street,Hampden Street,1.0,0.0,0
Dana Avenue,Hyde Park Avenue,0.0,0.0,0
Langley Road,Washington Street,0.0,1.0,0
Commonwealth Avenue Frontage Road Wb,Allston Street,1.0,0.0,0
Atlantic Avenue,Seaport Boulevard,1.0,1.0,0
Brookway Road,Elven Road,0.0,0.0,0
Blue Hill Avenue,Paxton Street,1.0,0.0,0
Victory Road,Blanche Street,0.0,0.0,0
Tremont Street,Massachusetts Avenue,0.0,1.0,0
Linden Street,Brighton Avenue,0.0,1.0,0
Longwood Avenue,Avenue Louis Pasteur,0.0,0.0,0
John F. Fitzgerald Surface Road,Milk Street,1.0,1.0,0
Commonwealth Avenue,Saint Paul Street,1.0,0.0,1
Washington Street,Academy Hill Road,1.0,0.0,0
Coventry Street,Columbus Avenue,0.0,1.0,0
Huntington Avenue,Calumet Street,1.0,0.0,0
Commonwealth Avenue,Carlton Street,1.0,0.0,0
Commonwealth Avenue Frontage Road Eb,Harvard Avenue,1.0,1.0,0
Beacon Street,Berkeley Street,1.0,0.0,0
Blue Hill Avenue,Moreland Street,1.0,0.0,0
Hyde Park Avenue,Willow Avenue,0.0,0.0,0
Adams Street,Gibson Street,1.0,0.0,0
Clarendon Street,Stuart Street,0.0,1.0,0
Longwood Avenue,Brookline Avenue,0.0,1.0,0
Huntington Avenue,Wait Street,1.0,0.0,0
Buick Street,Commonwealth Avenue,0.0,1.0,1
Clarendon Street,Stanhope Street,0.0,0.0,0
Centre Street,Harris Avenue,1.0,0.0,1
Washington Street,Talbot Avenue,1.0,1.0,0
Harvard Avenue,Brighton Avenue,1.0,1.0,0
Kelton Street,Allston Street,0.0,0.0,0
Ellery Street,Southampton Street,0.0,0.0,0
Faneuil Street,Turner Street,1.0,0.0,0
Commonwealth Avenue,Amory Street,1.0,0.0,0
Centre Street,Pershing Road,1.0,0.0,1
Commonwealth Avenue Frontage Road Eb,Harvard Avenue,1.0,1.0,0
Columbus Avenue,Northampton Street,1.0,0.0,0
Prentiss Street,Tremont Street,0.0,0.0,0
Riverdale Street,Western Avenue,0.0,1.0,0
Parker Street,Ruggles Street,0.0,1.0,0
West Cottage Street,Gayland Street,0.0,0.0,0
Corey Road,Bellvista Road,0.0,0.0,0
Harvard Avenue,Commonwealth Avenue Frontage Road Eb,1.0,1.0,0
Parker Street,Ward Street,0.0,0.0,0
Parker Street,Gore Street,0.0,0.0,0
Chelsea Street,Fifth Street,1.0,0.0,0
Granby Street,Commonwealth Avenue,0.0,1.0,1
Longwood Avenue,Brookline Avenue,0.0,1.0,0
Smith Street,Saint Alphonsus Street,0.0,0.0,0
Boylston Street,Arlington Street,1.0,1.0,1
Brighton Avenue,Cambridge Street,1.0,1.0,0
Parker Street,Gore Street,0.0,0.0,0
Huntington Avenue,Fenwood Road,1.0,0.0,0
Green Street,Washington Street,0.0,1.0,0
Commonwealth Avenue,Cummington Mall,1.0,0.0,0
Brainerd Road,Royce Road,0.0,0.0,0
Hereford Street,Beacon Street,1.0,1.0,0
Harvard Avenue,Brainerd Road,1.0,0.0,1
Commonwealth Avenue,Pleasant Street,1.0,0.0,1
Howard Avenue,Hartford Street,0.0,0.0,0
Blandford Mall,Commonwealth Avenue,0.0,1.0,0
Centre Street,Pershing Road,1.0,0.0,0
Blue Hill Avenue,Mount Pleasant Avenue,1.0,0.0,0
Mount Hope Street,American Legion Highway,0.0,1.0,0
North Beacon Street,Arthur Street,0.0,0.0,0
Washington Street,Weymouth Avenue,1.0,0.0,0
Commonwealth Avenue,Saint Paul Street,1.0,0.0,0
Corinth Street,Birch Street,1.0,0.0,0
Swift Street,Saratoga Street,0.0,1.0,0
Hudson Street,Harrison Avenue,0.0,1.0,0
Cambridge Street,Lynde Street,1.0,0.0,0
Dorchester Avenue,Gibson Street,1.0,0.0,0
Franklin Street,Aldie Street,1.0,0.0,0
Homes Avenue,Geneva Avenue,0.0,0.0,0
Dorchester Street,Emerson Street,0.0,0.0,0
Columbia Road,Washington Street,1.0,1.0,0
Dorchester Avenue,Greenwich Street,1.0,0.0,0
Kneeland Street,Knapp Street,0.0,0.0,0
Shirley Street,Norfolk Avenue,0.0,0.0,0
Elm Hill Avenue,Warren Street,0.0,1.0,0
Columbus Avenue,Malcolm X Boulevard,1.0,0.0,0
Blue Hill Avenue,Winthrop Street,1.0,0.0,0
Beacon Street,Clarendon Street,1.0,0.0,0
Beacon Street,Spruce Street,1.0,0.0,0
Walworth Street,Belgrade Avenue,0.0,1.0,1
Exeter Street,Commonwealth Avenue,1.0,1.0,1
Centre Street,Spring Street,1.0,0.0,0
Washington Street,Circuit Street,1.0,0.0,0
Devonshire Street,Spring Lane,1.0,0.0,0
Washington Street,Parsons Street,1.0,0.0,0
Commonwealth Avenue,Amory Street,1.0,0.0,1
Commonwealth Avenue Frontage Road Eb,Washington Street,1.0,1.0,0
Gainsborough Street,Saint Stephen Street,0.0,0.0,0
Tremont Street,Pontiac Street,0.0,0.0,0
Kenmore Street,Commonwealth Avenue,0.0,1.0,1
Commonwealth Avenue,Cummington Mall,1.0,0.0,0
Kelton Street,Woodstock Avenue,0.0,0.0,0
Harvard Avenue,Brainerd Road,1.0,0.0,0
Washington Street,High View Avenue,1.0,0.0,0
Kenrick Street,Brayton Road,0.0,0.0,0
Ruggles Street,Parker Street,1.0,0.0,0
Highgate Street,Cambridge Street,0.0,1.0,0
Hemenway Street,Westland Avenue,1.0,0.0,0
Tremont Street,Massachusetts Avenue,0.0,1.0,0
Preble Street,Dorchester Avenue,0.0,1.0,0
Massachusetts Avenue,Clearway Street,1.0,0.0,0
Border Street,Eutaw Street,0.0,0.0,0
Dana Avenue,Hyde Park Avenue,0.0,0.0,0
Saint Alphonsus Street,Longwood Avenue,0.0,0.0,0
Centre Street,Bellevue Street,1.0,0.0,0
Hunnewell Avenue,Matchett Street,0.0,0.0,0
Tremont Street,Columbus Avenue,0.0,1.0,0
Baker Street,Spring Street,1.0,0.0,0
Green Street,Amory Street,0.0,0.0,0
Oliver Street,Milk Street,1.0,1.0,0
Maitland Street,Beacon Street,0.0,1.0,0
Dorchester Avenue,Ellet Street,1.0,0.0,0
East Cottage Street,Sumner Street,0.0,0.0,0
Brookline Avenue,Fullerton Street,1.0,0.0,0
Spring Street,Summer Street,0.0,0.0,0
Summer Street,Lincoln Street,0.0,0.0,0
Commonwealth Avenue,Winslow Road,1.0,0.0,1
Amory Street,New Minton Street,0.0,0.0,0
Back Street,Dartmouth Street,0.0,1.0,0
Shawmut Avenue,Malcolm X Boulevard,0.0,0.0,0
Smith Street,Saint Alphonsus Street,0.0,0.0,0
Massachusetts Avenue,Boylston Street,1.0,1.0,0
Blue Hill Avenue,Abbot Street,1.0,0.0,0
Brooks Street,Princeton Street,0.0,0.0,0
South Huntington Avenue,Heath Street,1.0,0.0,0
Warren Street,Dudley Street,1.0,0.0,0
Commonwealth Avenue,Charlesgate East,1.0,0.0,0
Chauncey Street,Summer Street,0.0,0.0,0
Lawrence Place,Market Street,0.0,1.0,1
Washington Street,Malcolm X Boulevard,1.0,0.0,0
Ashford Street,Ashford Terrace,0.0,0.0,0
Commonwealth Avenue,Granby Street,1.0,0.0,0
South Huntington Avenue,Perkins Street,1.0,1.0,0
Blue Hill Avenue,Woodcliff Street,1.0,0.0,0
Green Street,Centre Street,0.0,1.0,0
Meridian Street,Princeton Street,1.0,0.0,0
Brighton Avenue,Quint Avenue,1.0,0.0,0
Washington Street,Murray Hill Road,1.0,0.0,0
Harrison Avenue,Herald Street,1.0,0.0,0
South Huntington Avenue,Craftson Way,1.0,0.0,0
West Broadway,F Street,0.0,0.0,0
Boylston Street,Berkeley Street,1.0,0.0,0
Massachusetts Avenue,Albany Street,1.0,1.0,0
Cambridge Street,Blossom Street,1.0,0.0,0
Westland Avenue,Public Alley 819,0.0,0.0,0
Dorchester Avenue,Welles Avenue,1.0,0.0,0
Beacon Street,Commonwealth Avenue,1.0,1.0,1
Kilby Street,State Street,1.0,0.0,0
Massachusetts Avenue,Boylston Street,1.0,1.0,0
A Street,West Third Street,1.0,0.0,0
Saint James Avenue,Arlington Street,0.0,1.0,0
Centre Street,Lester Place,1.0,0.0,0
Linden Street,Brighton Avenue,0.0,1.0,0
Arborway,Centre Street,0.0,1.0,0
Main Street,Austin Street,1.0,0.0,0
Columbus Avenue,Eliot Street,1.0,0.0,0
Oliver Street,High Street,1.0,1.0,0
Custer Street,Goldsmith Street,0.0,0.0,0
Boston Street,Ellery Street,0.0,0.0,0
Father Herlihy Drive,Commonwealth Avenue,0.0,1.0,1
Blue Hill Avenue,Winthrop Street,1.0,0.0,0
Saratoga Street,Prescott Street,1.0,0.0,0
South Huntington Avenue,Colburn Street,1.0,0.0,0
South Street,Arborway,1.0,0.0,0
Warren Street,Palmer Street,1.0,0.0,0
Warren Street,Walnut Avenue,1.0,1.0,1
Dorchester Avenue,West Fifth Street,1.0,0.0,0
Cambridge Street,Highgate Street,1.0,0.0,0
Centre Street,Robinwood Avenue,1.0,0.0,1
Commonwealth Avenue,Brighton Avenue,1.0,1.0,0
Court Street,Cambridge Street,0.0,1.0,0
Boylston Street,Clarendon Street,1.0,0.0,0
Boylston Street,Gloucester Street,1.0,0.0,0
Cambridge Street,Irving Street,1.0,0.0,0
Eldridge Road,Hyde Park Avenue,0.0,0.0,0
Evans Way,Louis Prang Street,0.0,0.0,0
Commonwealth Avenue,Saint Paul Street,1.0,0.0,1
Craftsman Street,Cambridge Street,0.0,1.0,0
Massachusetts Avenue,Commonwealth Avenue,1.0,1.0,0
Centre Street,South Huntington Avenue,1.0,1.0,0
Somerset Street,Cambridge Street,0.0,1.0,0
Cambridge Street,Harvard Avenue,1.0,1.0,0
Summer Street,Dorchester Avenue,0.0,1.0,1
Bowdoin Street,Elba Terrace,0.0,0.0,0
Sleeper Street,Northern Avenue,0.0,1.0,0
Longwood Avenue,Brookline Avenue,0.0,1.0,0
Moreland Street,Montrose Street,0.0,0.0,0
John F. Fitzgerald Surface Road,Summer Street,1.0,0.0,0
North Harvard Street,Gordon Road,1.0,0.0,1
Hyde Park Avenue,Walk Hill Street,0.0,0.0,0
Harvard Avenue,Commonwealth Avenue Frontage Road Wb,1.0,1.0,0
Blackfan Street,Longwood Avenue,0.0,0.0,0
A Street,West Second Street,1.0,0.0,0
Cambridge Street,Denby Road,1.0,0.0,0
Sydney Street,Hartland Street,0.0,0.0,0
Chestnut Hill Avenue,Academy Hill Road,1.0,0.0,0
Commonwealth Avenue,Saint Paul Street,1.0,0.0,0
Commonwealth Avenue,Crowninshield Road,1.0,0.0,1
Beacon Street,Raleigh Street,1.0,0.0,1
Rutherford Avenue,Baldwin Street,0.0,0.0,0
Georgia Street,Blue Hill Avenue,0.0,1.0,0
Strathmore Road,Sutherland Road,0.0,0.0,0
Centre Street,Walter Street,1.0,0.0,0
Cobden Street,Washington Street,0.0,1.0,0
South Huntington Avenue,Craftson Way,1.0,0.0,0
Fawndale Road,Washington Street,0.0,1.0,0
Silber Way,Blandford Mall,0.0,0.0,0
Court Square,Court Street,0.0,0.0,0
Parker Street,Gore Street,0.0,0.0,0
Washington Street,Boylston Street,1.0,1.0,0
Wales Street,Browning Avenue,0.0,0.0,1
Tremont Street,Milford Street,0.0,0.0,0
Edgerly Road,Burbank Street,0.0,0.0,0
Washington Street,West Dedham Street,1.0,1.0,0
Park Plaza,Columbus Avenue,0.0,1.0,0
Columbus Avenue,Heath Street,1.0,0.0,0
Saint Botolph Street,West Newton Street,0.0,0.0,0
La Grange Street,Centre Street,0.0,1.0,0
Mountfort Street,Commonwealth Avenue,0.0,1.0,0
Blackfan Street,Longwood Avenue,0.0,0.0,0
North Washington Street,Thacher Street,1.0,0.0,0
Staniford Street,Lomasney Way,0.0,1.0,0
Everett Street,Orleans Street,0.0,0.0,0
Washington Street,Kneeland Street,1.0,0.0,0
Beacon Street,Commonwealth Avenue,1.0,1.0,1
Linden Street,Gardner Street,0.0,0.0,0
North Harvard Street,Western Avenue,1.0,1.0,0
Main Street,Oak Street,1.0,0.0,0
Stanwood Street,Blue Hill Avenue,0.0,1.0,0
Huntington Avenue,Evans Way,1.0,0.0,0
Mason Street,West Street,0.0,0.0,0
Dudley Street,Warren Street,0.0,1.0,0
Centre Street,Goodrich Road,1.0,0.0,0
Saratoga Street,Moore Street,1.0,0.0,0
Dorchester Avenue,Savin Hill Avenue,1.0,0.0,0
Chestnut Hill Avenue,Englewood Avenue,1.0,0.0,0
Fairfield Street,Back Street,0.0,0.0,0
Columbia Road,East Cottage Street,1.0,0.0,0
West Broadway,C Street,0.0,0.0,0
Massachusetts Avenue,Rusfield Street,1.0,0.0,0
Dudley Street,Washington Street,0.0,1.0,0
Canal Street,Causeway Street,0.0,0.0,0
Washington Street,Bartlett Street,1.0,0.0,0
Centre Street,Sheridan Street,1.0,0.0,0
Boylston Street,Charles Street South,1.0,0.0,0
Chestnut Hill Avenue,Winship Street,1.0,1.0,0
West Broadway,F Street,0.0,0.0,0
Blue Hill Avenue,Abbot Street,1.0,0.0,0
Washington Street,Columbus Avenue,1.0,1.0,0
Dartmouth Street,Commonwealth Avenue,1.0,1.0,1
Huntington Avenue,Fencourt Street,1.0,0.0,0
Massachusetts Avenue,Huntington Avenue,1.0,1.0,0
Perkins Street,Pond View Avenue,1.0,0.0,0
Columbia Road,Quincy Street,1.0,0.0,0
Highgate Street,Cambridge Street,0.0,1.0,0
Summer Street,John F. Fitzgerald Expressway,0.0,0.0,1
Ruggles Street,Tremont Street,1.0,0.0,0
Merrimac Street,Sudbury Street,0.0,0.0,0
Neponset Avenue,Saco Street,1.0,0.0,0
Meridian Street,Falcon Street,1.0,0.0,0
Norton Street,Bowdoin Street,0.0,0.0,0
Adams Street,Christopher Street,1.0,0.0,0
Commonwealth Avenue,Charlesgate West,1.0,0.0,1
North Harvard Street,Western Avenue,1.0,1.0,1
Massachusetts Avenue,Pierre Lallement Bike Path,1.0,0.0,0
Parker Street,Gore Street,0.0,0.0,0
South Street,Achorn Circle,1.0,0.0,0
Washington Street,Walnut Park,1.0,0.0,0
Green Street,Centre Street,0.0,1.0,0
Blue Hill Avenue,Moreland Street,1.0,0.0,0
Amory Street,New Minton Street,0.0,0.0,0
West Street,Hyde Park Avenue,0.0,0.0,0
Ruggles Street,Tremont Street,1.0,0.0,0
Blue Hill Avenue,Moreland Street,1.0,0.0,0
Dorchester Avenue,East Street,1.0,0.0,0
Washington Street,West Street,1.0,0.0,1
Dorchester Avenue,Banton Street,1.0,0.0,0
Fenway,Boylston Street,0.0,1.0,0
Spice Street,Cambridge Street,0.0,1.0,1
Parsons Street,Brooksdale Road,0.0,0.0,0
Blue Hill Avenue,Norfolk Street,1.0,0.0,0
Main Street,Austin Street,1.0,0.0,0
Commonwealth Avenue,Brighton Avenue,1.0,1.0,0
Preble Street,Dorchester Avenue,0.0,1.0,0
Rill Street,Hancock Street,0.0,0.0,0
Norfolk Street,Clarkwood Street,0.0,0.0,0
Boylston Street,Ipswich Street,1.0,0.0,0
Austin Street,Main Street,0.0,1.0,0
South Huntington Avenue,Craftson Way,1.0,0.0,0
Harvard Avenue,Commonwealth Avenue Frontage Road Wb,1.0,1.0,0
High Street,Purchase Street,1.0,1.0,1
South Munroe Terrace,Neponset Avenue,0.0,1.0,0
Millet Street,Harvard Street,0.0,0.0,0
Bennington Street,Wordsworth Street,1.0,0.0,0
Centre Street,Harris Avenue,1.0,0.0,0
Geneva Avenue,Olney Street,0.0,0.0,0
Main Street,SR 38,1.0,0.0,0
Saratoga Street,Curtis Street,1.0,0.0,0
Batterymarch Street,Milk Street,0.0,1.0,0
Beacon Street,River Street,1.0,1.0,0
Westminster Avenue,Washington Street,0.0,1.0,0
Willoughby Street,Cenacle Road,0.0,0.0,0
Seaver Street,Elm Hill Avenue,0.0,0.0,0
Prentiss Street,Albert Street,0.0,0.0,0
Columbus Avenue,Cedar Street,1.0,0.0,0
Maffa Way,SR 38,0.0,0.0,0
Margaretta Drive,Georgetowne Drive,0.0,0.0,0
Brookline Avenue,Boylston Street,1.0,1.0,0
Massachusetts Avenue,Shawmut Avenue,1.0,0.0,1
Melnea Cass Boulevard,Massachusetts Avenue,0.0,1.0,0
Harold Street,Homestead Street,0.0,0.0,0
Summer Street,Melcher Street,0.0,0.0,0
Heath Street,Bickford Avenue,0.0,0.0,0
Massachusetts Avenue,Boylston Street,1.0,1.0,0
Cambridge Street,I 93,1.0,0.0,0
Allstate Road,Willow Court,0.0,0.0,0
Harvard Avenue,Cambridge Street,1.0,1.0,1
Life Street,Guest Street,0.0,0.0,0
Kilby Street,Water Street,1.0,1.0,0
Dudley Street,Dunmore Street,0.0,0.0,0
Gerard Street,Island Street,0.0,0.0,0
Walnut Avenue,Seaver Street,1.0,0.0,0
Parker Street,Mcgreevey Way,0.0,0.0,0
Cummins Highway,Harding Road,1.0,0.0,0
West Street,Tremont Street,0.0,0.0,0
Chestnut Street,Charles Street,1.0,0.0,0
High Street,Hancock Street,1.0,0.0,0
Devine Way,Dorchester Avenue,0.0,1.0,0
Blue Hill Avenue,Intervale Street,1.0,0.0,0
Ruggles Street,Tremont Street,1.0,0.0,0
Harvard Avenue,Brainerd Road,1.0,0.0,0
Blue Hill Avenue,Callender Street,1.0,0.0,0
Columbia Road,Blue Hill Avenue,1.0,1.0,0
Mcbride Street,Call Street,0.0,0.0,0
Seaverns Avenue,Alfred Street,0.0,0.0,0
Charles Street South,Boylston Street,0.0,1.0,0
Saint Alphonsus Street,Smith Street,0.0,0.0,0
North Harvard Street,Cambridge Street,1.0,1.0,0
Huntington Avenue,South Huntington Avenue,1.0,1.0,1
Beacon Street,Massachusetts Avenue,1.0,1.0,1
F Street,West Seventh Street,0.0,0.0,0
Commonwealth Avenue Frontage Road Eb,Royce Road,1.0,0.0,0
Massachusetts Avenue,Peirson Street,1.0,0.0,0
Boylston Street,Boylston Place,1.0,0.0,0
Oakland Street,Faneuil Street,0.0,1.0,0
Lamson Street,Maverick Street,0.0,0.0,0
Beacon Street,Massachusetts Avenue,1.0,1.0,0
Cambridge Street,Washington Street,1.0,1.0,1
Commonwealth Avenue,Massachusetts Avenue,1.0,1.0,0
Corey Road,Westbourne Terrace,0.0,0.0,0
Wrentham Street,Florida Street,0.0,0.0,0
Southampton Street,Atkinson Street,0.0,0.0,0
Burrell Street,Batchelder Street,0.0,0.0,0
Huntington Avenue,Forsyth Street,1.0,1.0,0
Seaver Street,Humboldt Avenue,0.0,0.0,0
Devon Street,Laredo Street,0.0,0.0,0
Preble Street,Dorchester Avenue,0.0,1.0,0
Chestnut Hill Avenue,Commonwealth Avenue,1.0,1.0,0
Lonsdale Street,Florida Street,0.0,0.0,0
Oakland Street,Faneuil Street,0.0,1.0,0
Main Street,Dorrance Street,1.0,0.0,0
South Huntington Avenue,Heath Street,1.0,0.0,0
West Cedar Street,Mount Vernon Street,0.0,1.0,0
Washington Street,Ukraine Way,1.0,0.0,0
Cambridge Street,North Anderson Street,1.0,0.0,0
Washington Street,Basile Street,1.0,0.0,0
Talbot Avenue,Talbot Place,1.0,0.0,0
West Broadway,D Street,0.0,1.0,0
Dacia Street,Dove Street,0.0,0.0,0
Dorchester Avenue,Linden Street,1.0,0.0,0
Blue Hill Avenue,Talbot Avenue,1.0,1.0,0
Batchelder Street,East Cottage Street,0.0,0.0,0
Beacon Street,Massachusetts Avenue,1.0,1.0,1
Bowdoin Street,Mount Ida Road,0.0,0.0,0
Dorchester Avenue,Bellflower Street,1.0,0.0,1
Columbia Road,Elder Street,1.0,0.0,0
East Berkeley Street,Washington Street,0.0,1.0,0
Grove Street,Stimson Street,0.0,0.0,0
Dorchester Avenue,O'Connor Way,1.0,0.0,0
Mcbride Street,Call Street,0.0,0.0,0
Washington Street,West Street,1.0,0.0,0
Huntington Avenue,Shepherd Avenue,1.0,0.0,0
Atlantic Avenue,Essex Street,1.0,1.0,0
Dorchester Avenue,Gibson Street,1.0,0.0,0
Dorchester Avenue,Gibson Street,1.0,0.0,0
Massachusetts Avenue,Shawmut Avenue,1.0,0.0,1
Washington Street,Ophir Street,1.0,0.0,1
Boylston Street,Clarendon Street,1.0,0.0,0
Cambridge Street,North Anderson Street,1.0,0.0,1
Columbus Avenue,Massachusetts Avenue,1.0,1.0,1
Centre Street,Sheridan Street,1.0,0.0,1
Boylston Street,Chestnut Avenue,1.0,0.0,0
Brookline Avenue,Massachusetts Turnpike,1.0,0.0,0
Massachusetts Avenue,Pierre Lallement Bike Path,1.0,0.0,0
Cambridge Street,Brighton Street,1.0,0.0,0
Washington Street,Lochdale Road,1.0,0.0,1
Centre Street,Pond Street,1.0,0.0,1
Scotia Street,Saint Cecelia Street,0.0,0.0,0
Transit Street,Dorchester Avenue,0.0,1.0,0
Flaherty Way,Joyce-Hayes Way,0.0,0.0,0
Blue Hill Avenue,Mount Pleasant Avenue,1.0,0.0,0
Centre Street,Corey Street,1.0,0.0,0
Dunkeld Street,Quincy Street,0.0,0.0,0
North Harvard Street,Western Avenue,1.0,1.0,1
Malcolm X Boulevard,Roxbury Street,0.0,0.0,0
Preble Street,Dorchester Avenue,0.0,1.0,0
Cambridge Street,Spice Street,1.0,0.0,0
Tremont Street,Columbus Avenue,0.0,1.0,0
Mount Vernon Street,Charles Street,1.0,0.0,0
Devonshire Street,Franklin Street,1.0,1.0,0
Brighton Avenue,Chester Street,1.0,0.0,0
Tremont Street,Massachusetts Avenue,0.0,1.0,0
Elmer Road,Burgoyne Street,0.0,0.0,0
Southampton Street,Atkinson Street,0.0,0.0,0
Cambridge Street,Tremont Street,1.0,0.0,0
Washington Street,Schubert Street,1.0,0.0,0
Western Avenue,Everett Street,1.0,0.0,0
Shawmut Avenue,Malcolm X Boulevard,0.0,0.0,0
Williams Street,Shawmut Avenue,0.0,0.0,0
Park Drive,Beacon Street,0.0,1.0,0
Adams Street,Leonard Street,1.0,0.0,0
Washington Street,Langley Road,1.0,0.0,0
West Ninth Street,E Street,0.0,0.0,0
Boylston Street,Gloucester Street,1.0,0.0,0
Market Street,Vineland Street,1.0,0.0,0
Baker Street,Veterans Of Foreign Wars Parkway,1.0,1.0,0
Washington Street,Bexley Road,1.0,0.0,1
Tremont Street,Boylston Street,0.0,1.0,0
Brighton Avenue,Cambridge Street,1.0,1.0,0
American Legion Highway,Blue Hill Avenue,1.0,1.0,0
Washington Street,West Street,1.0,0.0,0
Commonwealth Avenue,Babcock Street,1.0,0.0,1
Howard Avenue,Dalkeith Street,0.0,0.0,0
North Harvard Street,Cambridge Street,1.0,1.0,0
John F. Fitzgerald Expressway,Beach Street,0.0,0.0,0
South Huntington Avenue,Colburn Street,1.0,0.0,0
Huntington Avenue,Longwood Avenue,1.0,0.0,0
State Street,John F. Fitzgerald Surface Road,0.0,1.0,1
Dorchester Avenue,Boston Street,1.0,0.0,1
Columbus Avenue,Holyoke Street,1.0,0.0,0
Huntington Avenue,Forsyth Street,1.0,1.0,0
Wainwright Street,Lithgow Street,0.0,0.0,0
North Beacon Street,Everett Street,0.0,0.0,0
Ruggles Street,Leon Street,1.0,0.0,0
Dudley Street,Ramsey Street,0.0,0.0,0
Beacon Street,Charles Street,1.0,0.0,0
Blue Hill Avenue,Landor Road,1.0,0.0,1
Blossom Street,Cambridge Street,0.0,1.0,0
Harvard Avenue,Brighton Avenue,1.0,1.0,0
Brighton Avenue,Park Vale Avenue,1.0,0.0,0
Warren Street,Howland Street,1.0,0.0,0
State Street,John F. Fitzgerald Surface Road,0.0,1.0,1
Cambridge Street,Barrows Street,1.0,0.0,0
Harvard Street,Esmond Street,0.0,0.0,0
Centre Street,Oakview Terrace,1.0,0.0,0
Boylston Street,Tamworth Street,1.0,0.0,0
Kelton Street,Allston Street,0.0,0.0,0
Newbury Street,Exeter Street,0.0,1.0,0
Dorchester Avenue,Fuller Street,1.0,0.0,0
Napa Street,Massachusetts Avenue,0.0,1.0,0
South Huntington Avenue,Centre Street,1.0,1.0,1
West Broadway,A Street,0.0,1.0,0
Centre Street,West Roxbury Centre Street Rotary,1.0,0.0,0
D Street,Fargo Street,1.0,0.0,0
B Street,West Broadway,0.0,0.0,0
Washington Street,Allen Road,1.0,0.0,1
Commonwealth Avenue,Harry Agganis Way,1.0,0.0,0
Commonwealth Avenue,Blandford Mall,1.0,0.0,1
Charles Street South,Park Plaza,0.0,0.0,0
Old Colony Avenue,Preble Street,0.0,0.0,0
Commonwealth Avenue,Clarendon Street,1.0,0.0,1
North Grove Street,Parkman Street,0.0,0.0,0
Marlborough Street,Fairfield Street,0.0,0.0,0
Columbus Avenue,Wellington Street,1.0,0.0,1
Commonwealth Avenue,Massachusetts Avenue,1.0,1.0,1
Washington Street,Lake Street,1.0,1.0,1
Commonwealth Avenue,Exeter Street,1.0,1.0,1
Commonwealth Avenue,Beacon Street,1.0,1.0,0
Dorchester Avenue,Hecla Street,1.0,0.0,0
Beacon Street,Massachusetts Avenue,1.0,1.0,1
Warner Street,Kingsdale Street,0.0,0.0,0
Blue Hill Avenue,Abbot Street,1.0,0.0,1
Boylston Street,Centre Street,1.0,1.0,0
Portland Street,Valenti Way,0.0,0.0,0
Blue Hill Avenue,Woolson Street,1.0,0.0,0
Buick Street,Commonwealth Avenue,0.0,1.0,0
Saunders Street,North Beacon Street,0.0,0.0,0
Cummins Highway,Sycamore Street,1.0,0.0,0
Massachusetts Avenue,Saint Stephen Street,1.0,0.0,0
Tremont Street,Massachusetts Avenue,0.0,1.0,0
Atlantic Avenue,East Street,1.0,0.0,0
Hereford Street,Commonwealth Avenue,1.0,1.0,1
Blue Hill Avenue,Seaver Street,1.0,0.0,1
Dorchester Street,East Ninth Street,0.0,0.0,0
Cambridge Street,Court Street,1.0,0.0,0
Columbus Avenue,Heath Street,1.0,0.0,0
Stanwood Street,Blue Hill Avenue,0.0,1.0,0
Maffa Way,SR 38,0.0,0.0,0
Southampton Street,Frontage Road Northbound,0.0,0.0,0
Hammond Street,Tremont Street,0.0,0.0,0
West Fourth Street,A Street,0.0,1.0,0
Tremont Street,Columbus Avenue,0.0,1.0,0
Lamartine Street,Paul Gore Street,0.0,0.0,0
South Huntington Avenue,Heath Street,1.0,0.0,0
Humboldt Avenue,Harrishof Street,0.0,0.0,0
Day Street,Kenney Street,0.0,0.0,0
Commonwealth Avenue Frontage Road Wb,Saint Lukes Road,1.0,0.0,0
Stuart Street,Dartmouth Street,1.0,1.0,0
Beacon Street,Arundel Street,1.0,0.0,0
Parker Street,Prentiss Street,0.0,0.0,0
Dorchester Avenue,Hancock Street,1.0,0.0,0
Linden Street,Brighton Avenue,0.0,1.0,0
Columbus Avenue,Cedar Street,1.0,0.0,0
Waldeck Street,Park Street,0.0,0.0,0
Mapleton Street,Market Street,0.0,1.0,0
Day Street,Bynner Street,0.0,0.0,0
Porter Street,Bennington Street,0.0,1.0,0
Brighton Avenue,Linden Street,1.0,0.0,0
Blue Hill Avenue,Mount Pleasant Avenue,1.0,0.0,0
Tremont Street,Columbus Avenue,0.0,1.0,0
Prentiss Street,Albert Street,0.0,0.0,0
Dorchester Avenue,Melvinside Terrace,1.0,0.0,0
Commonwealth Avenue,Pleasant Street,1.0,0.0,1
Fifth Street,First Avenue,0.0,0.0,0
Harvard Avenue,Brighton Avenue,1.0,1.0,0
South Huntington Avenue,Heath Street,1.0,0.0,0
Whitman Street,Norfolk Street,0.0,0.0,0
Lake Street,Undine Road,1.0,0.0,0
Washington Street,Bexley Road,1.0,0.0,1
Columbus Avenue,Malcolm X Boulevard,1.0,0.0,0
Tremont Street,Carmel Street,0.0,0.0,0
South Street,Mcbride Street,1.0,0.0,0
Commonwealth Avenue,Mountfort Street,1.0,0.0,0
Blossom Street,Cambridge Street,0.0,1.0,0
Meridian Street,Havre Street,1.0,0.0,0
Commonwealth Avenue,Mountfort Street,1.0,0.0,0
Massachusetts Avenue,Clearway Street,1.0,0.0,0
Columbus Avenue,Camden Street,1.0,0.0,1
Commonwealth Avenue,Beacon Street,1.0,1.0,1
Charles Street,David G. Mugar Way,0.0,0.0,0
Old Road,Ellington Street,1.0,0.0,0
Starr Lane,Centre Street,0.0,1.0,0
India Street,Custom House Street,0.0,0.0,1
Columbus Avenue,Chandler Street,1.0,0.0,0
Tremont Street,Boylston Street,0.0,1.0,0
Washington Street,Atkins Street,1.0,0.0,0
Allston Street,Commonwealth Avenue Frontage Road Eb,0.0,1.0,0
Glendale Street,Payson Avenue,0.0,0.0,0
Brighton Avenue,Harvard Avenue,1.0,1.0,0
South Street,Boynton Street,1.0,0.0,0
Commonwealth Avenue,Pleasant Street,1.0,0.0,1
Washington Street,Snow Street,1.0,0.0,0
Commonwealth Avenue,Crowninshield Road,1.0,0.0,1
Parker Street,Gore Street,0.0,0.0,0
Boston Street,Enterprise Street,0.0,0.0,0
Sparhawk Street,Market Street,0.0,1.0,0
Chatham Street,Merchants Row,0.0,0.0,0
North Harvard Street,Kingsley Street,1.0,0.0,0
Commonwealth Avenue,Mountfort Street,1.0,0.0,1
Boylston Street,Boylston Place,1.0,0.0,0
Sparhawk Street,Murdock Street,0.0,0.0,0
Wise Street,Centre Street,0.0,1.0,0
Boylston Street,Dartmouth Street,1.0,1.0,0
Beacon Street,Charles Street,1.0,0.0,0
Causeway Street,Lancaster Street,0.0,0.0,0
Brighton Avenue,Linden Street,1.0,0.0,0
Columbus Avenue,Camden Street,1.0,0.0,0
Boston Street,Mount Vernon Street,0.0,1.0,0
Blue Hill Avenue,Morton Street,1.0,1.0,0
Freeport Street,Beach Street,1.0,0.0,0
Centre Street,Johnson Avenue,1.0,0.0,0
Washington Street,Franklin Place,1.0,0.0,1
Huntington Avenue,Longwood Avenue,1.0,0.0,0
Harrison Avenue,Northampton Street,1.0,0.0,0
West First Street,D Street,0.0,1.0,0
Commonwealth Avenue,Saint Paul Street,1.0,0.0,0
North Harvard Street,Cambridge Street,1.0,1.0,0
Clarendon Street,Columbus Avenue,0.0,1.0,0
Commonwealth Avenue Frontage Road Wb,Chester Street,1.0,0.0,0
Cushing Avenue,Jerome Street,0.0,0.0,0
Green Street,Centre Street,0.0,1.0,0
Lincoln Street,Franklin Street,0.0,1.0,0
Washington Street,Avenue De Lafayette,1.0,0.0,0
Dorchester Avenue,Dexter Street,1.0,0.0,0
Huntington Avenue,South Huntington Avenue,1.0,1.0,0
